"","Date","Treatment.ID","Treatment","Site","Bucket.ID","Tray_wt","Tray_wet_soil_wt","Tray_dry_soil_wt","Wet.Soil","Dry.Soil","Soil.Moisture.Loss","Note","pc_water"
"1",2019-02-20,"T5","T","5","1",NA,NA,NA,6.9659,5.5073,1.4586,"",0.264848473843807
"2",2019-02-20,"T5","T","5","2",NA,NA,NA,4.0944,3.1286,0.9658,"",0.308700377165505
"3",2019-02-20,"T5","T","5","3",NA,NA,NA,5.7846,4.495,1.2896,"",0.286896551724138
"4",2019-02-20,"T5","T","5","4",NA,NA,NA,4.684,3.5759,1.1081,"",0.309880030202187
"5",2019-02-20,"T5","T","5","5",NA,NA,NA,5.7327,4.4202,1.3125,"",0.296932265508348
"6",2019-02-20,"C5","C","5","8",NA,NA,NA,6.2927,4.6801,1.6126,"",0.344565287066516
"7",2019-02-20,"C5","C","5","9",NA,NA,NA,5.9447,4.5908,1.3539,"",0.29491591879411
"8",2019-02-20,"C5","C","5","10",NA,NA,NA,7.0783,5.4343,1.644,"",0.302522864030326
"9",2019-02-20,"C6  ","C","6","3",NA,NA,NA,6.3754,4.8804,1.495,"",0.306327350217195
"10",2019-02-20,"C6  ","C","6","5",NA,NA,NA,5.9138,4.5895,1.3243,"",0.288549950975052
"11",2019-02-20,"C6  ","C","6","9",NA,NA,NA,5.627,4.4061,1.2209,"",0.27709312090057
"12",2019-02-20,"C6  ","C","6","10",NA,NA,NA,5.6104,4.4142,1.1962,"",0.270989080694123
"13",2019-02-20,"T6","T","6","1",NA,NA,NA,7.3858,5.7603,1.6255,"",0.282190163706751
"14",2019-02-20,"T6","T","6","2",NA,NA,NA,6.2578,4.883,1.3748,"",0.281548228548024
"15",2019-02-20,"T6","T","6","4",NA,NA,NA,5.8633,4.6856,1.1777,"",0.251344544988902
"16",2019-02-20,"T6","T","6","6",NA,NA,NA,6.4645,5.0762,1.3883,"",0.273491982191403
"17",2019-02-20,"T6","T","6","8",NA,NA,NA,6.8553,5.4183,1.437,"",0.265212335972538
"18",2019-03-13,"C1","C","1","1",NA,NA,NA,2.8524,2.4115,0.4409,"",0.182832262077545
"19",2019-03-13,"C1","C","1","4",NA,NA,NA,8.8426,7.5453,1.2973,"",0.171934846858309
"20",2019-03-13,"C1","C","1","6",NA,NA,NA,3.5332,3.0019,0.5313,"",0.176987907658483
"21",2019-03-13,"C1","C","1","10",NA,NA,NA,5.3878,4.536,0.8518,"",0.187786596119929
"22",2019-03-13,"T1","T","1","2",NA,NA,NA,5.9478,4.948,0.9998,"",0.202061438965238
"23",2019-03-13,"T1","T","1","3",NA,NA,NA,2.4024,1.9625,0.4399,"",0.224152866242038
"24",2019-03-13,"T1","T","1","5",NA,NA,NA,2.0242,1.6545,0.3697,"",0.223451193714113
"25",2019-03-13,"T1","T","1","7",NA,NA,NA,6.1187,4.9095,1.2092,"",0.246297993685711
"26",2019-03-13,"T1","T","1","9",NA,NA,NA,2.6277,2.1386,0.4891,"",0.228701019358459
"27",2019-03-13,"C2","C","2","2",NA,NA,NA,2.9136,2.4186,0.495,"",0.204663855122798
"28",2019-03-13,"C2","C","2","3",NA,NA,NA,2.9502,2.3322,0.618,"High clay difficult to pass sieve",0.264985850270131
"29",2019-03-13,"C2","C","2","5",NA,NA,NA,7.1657,5.5569,1.6088,"HIgh clay difficult to pass sieve",0.289513937627094
"30",2019-03-13,"C2","C","2","7",NA,NA,NA,3.6622,2.9348,0.7274,"",0.247853346054246
"31",2019-03-13,"C2","C","2","9",NA,NA,NA,3.5882,2.8758,0.7124,"High clay difficult to pass sieve",0.247722372904931
"32",2019-03-13,"T2","T","2","1",NA,NA,NA,1.3216,1.0795,0.2421,"",0.224270495599815
"33",2019-03-13,"T2","T","2","8",NA,NA,NA,1.6099,1.2895,0.3204,"",0.24846839860411
"34",2019-03-13,"T2","T","2","4",NA,NA,NA,1.6265,1.3059,0.3206,"",0.245501186920897
"35",2019-03-13,"T2","T","2","6",NA,NA,NA,2.4542,1.9582,0.496,"",0.253293841282811
"36",2019-03-13,"T2","T","2","10",NA,NA,NA,1.7768,1.4137,0.3631,"",0.256843743368466
"37",2019-04-01,"T3","T","3","1",NA,NA,NA,1.4676,1.2257,0.2419,"",0.197356612547932
"38",2019-04-01,"T3","T","3","2",NA,NA,NA,1.849,1.5952,0.2538,"",0.159102306920762
"39",2019-04-01,"T3","T","3","3",NA,NA,NA,3.0408,2.466,0.5748,"",0.2330900243309
"40",2019-04-01,"T3","T","3","5",NA,NA,NA,3.2122,2.687,0.5252,"High clay difficult to pass sieve",0.195459620394492
"41",2019-04-01,"T3","T","3","10",NA,NA,NA,2.0401,1.8261,0.214,"",0.117189639121625
"42",2019-04-01,"C3","C","3","9",NA,NA,NA,2.0651,1.8451,0.22,"",0.119234729824942
"43",2019-04-01,"C3","C","3","2",NA,NA,NA,2.9718,2.5605,0.4113,"",0.160632688927944
"44",2019-04-01,"C3","C","3","5",NA,NA,NA,2.5169,2.1682,0.3487,"",0.16082464717277
"45",2019-04-01,"C3","C","3","4",NA,NA,NA,2.1239,1.7949,0.329,"",0.183297119616692
"46",2019-04-01,"C3","C","3","8",NA,NA,NA,1.2885,1.021,0.2675,"",0.261998041136141
"47",2019-04-04,"T5","T","5","1",NA,NA,NA,3.8553,3.2559,0.5994,"",0.184096563162259
"48",2019-04-04,"T5","T","5","6",NA,NA,NA,1.8638,1.6178,0.246,"",0.152058350846829
"49",2019-04-04,"T5","T","5","8",NA,NA,NA,2.2011,1.8973,0.3038,"",0.160122279028093
"50",2019-04-04,"T5","T","5","9",NA,NA,NA,1.4664,1.3093,0.1571,"",0.119987779729627
"51",2019-04-04,"C5","C","5","2",NA,NA,NA,2.6472,2.3867,0.2605,"",0.109146520299996
"52",2019-04-04,"C5","C","5","3",NA,NA,NA,1.3699,1.216,0.1539,"",0.1265625
"53",2019-04-04,"C5","C","5","4",NA,NA,NA,2.9789,2.7023,0.2766,"",0.102357251230433
"54",2019-04-04,"C5","C","5","5",NA,NA,NA,1.3085,1.1421,0.1664,"",0.145696523947115
"55",2019-04-04,"C5","C","5","7",NA,NA,NA,2.8299,2.5528,0.2771,"",0.10854747727985
"56",2019-04-04,"T4","T","4","10",NA,NA,NA,1.672,1.5515,0.1205,"",0.0776667740895907
"57",2019-04-04,"T4","T","4","2",NA,NA,NA,2.9596,2.4177,0.5419,"",0.224138644165943
"58",2019-04-04,"T4","T","4","3",NA,NA,NA,2.0621,1.7359,0.3262,"",0.187914050348522
"59",2019-04-04,"T4","T","4","7",NA,NA,NA,1.9642,1.6331,0.3311,"",0.202743249035577
"60",2019-04-04,"C4","C","4","1",NA,NA,NA,1.6274,1.2449,0.3825,"",0.307253594666238
"61",2019-04-04,"C4","C","4","6",NA,NA,NA,1.1719,0.9074,0.2645,"",0.29149217544633
"62",2019-04-04,"C4","C","4","8",NA,NA,NA,1.3742,1.1029,0.2713,"",0.245987850213075
"63",2019-04-04,"C4","C","4","9",NA,NA,NA,1.0377,0.8279,0.2098,"",0.253412247856021
"64",2019-04-18,"C3","C","3","4",NA,NA,NA,3.5033,3.2366,0.2667,"",0.0824012852993882
"65",2019-04-18,"C3","C","3","8",NA,NA,NA,2.1931,2.0048,0.1883,"",0.0939245810055866
"66",2019-04-18,"C3","C","3","7",NA,NA,NA,3.8245,3.4803,0.3442,"",0.0988995201563084
"67",2019-04-18,"C3","C","3","6",NA,NA,NA,3.2933,3.0185,0.2748,"",0.0910385953288057
"68",2019-04-18,"C3","C","3","1",NA,NA,NA,4.3716,3.9722,0.3994,"",0.100548814259101
"69",2019-04-18,"T3","T","3","3",NA,NA,NA,2.9475,2.7566,0.1909,"",0.0692519770732061
"70",2019-04-18,"T3","T","3","9",NA,NA,NA,5.2436,4.779,0.4646,"",0.0972169910023017
"71",2019-04-18,"T3","T","3","10",NA,NA,NA,9.2694,7.0577,2.2117,"",0.313374045368888
"72",2019-04-18,"T3","T","3","2",NA,NA,NA,4.9744,4.6148,0.3596,"high clay difficult to pass sieve",0.0779232036057901
"73",2019-04-18,"C6","C","6","2",NA,NA,NA,7.6954,7.1986,0.4968,"",0.0690134192759703
"74",2019-04-18,"C6","C","6","9",NA,NA,NA,4.678,4.3872,0.2908,"",0.0662837345003647
"75",2019-04-18,"C6","C","6","10",NA,NA,NA,5.464,5.0813,0.3827,"",0.0753153720504595
"76",2019-04-18,"C6","C","6","3",NA,NA,NA,3.9934,3.7764,0.217,"",0.0574621332485965
"77",2019-04-18,"T6","T","6","6",NA,NA,NA,7.8361,7.4526,0.3835,"",0.0514585513780426
"78",2019-04-18,"T6","T","6","7",NA,NA,NA,5.0998,4.7924,0.3074,"",0.0641432267757282
"79",2019-04-18,"T6","T","6","8",NA,NA,NA,8.4728,7.8685,0.6043,"",0.0767998983287793
"80",2019-04-18,"T6","T","6","4",NA,NA,NA,5.4318,5.0534,0.3784,"",0.0748802786242926
"81",2019-04-18,"T6","T","6","1",NA,NA,NA,4.331,4.0467,0.2843,"",0.0702547754960832
"82",2019-04-30,"C1","C","1","10",NA,NA,NA,1.0838,1.0512,0.0326,"",0.0310121765601218
"83",2019-04-30,"C1","C","1","9",NA,NA,NA,2.3202,2.1853,0.1349,"",0.0617306548300005
"84",2019-04-30,"C1","C","1","3",NA,NA,NA,2.806,2.669,0.137,"",0.0513300861745972
"85",2019-04-30,"C1","C","1","5",NA,NA,NA,1.752,1.679,0.073,"",0.0434782608695652
"86",2019-04-30,"C1","C","1","2",NA,NA,NA,1.5579,1.4927,0.0652,"",0.043679238962953
"87",2019-04-30,"C2","C","2","4",NA,NA,NA,1.1195,1.0144,0.1051,"",0.103608044164038
"88",2019-04-30,"C2","C","2","6",NA,NA,NA,1.4829,1.3674,0.1155,"",0.0844668714348398
"89",2019-04-30,"C2","C","2","8",NA,NA,NA,1.6617,1.5375,0.1242,"",0.0807804878048781
"90",2019-04-30,"C2","C","2","1",NA,NA,NA,0.5882,0.5391,0.0491,"",0.091077722129475
"91",2019-04-30,"C2","C","2","7",NA,NA,NA,0.7926,0.7331,0.0595,"",0.0811621879688992
"92",2019-04-30,"T1","T","1","4",NA,NA,NA,2.0109,1.953,0.0579,"",0.0296466973886329
"93",2019-04-30,"T1","T","1","1",NA,NA,NA,1.5344,1.4642,0.0702,"",0.0479442699084824
"94",2019-04-30,"T1","T","1","7",NA,NA,NA,1.3481,1.2666,0.0815,"",0.0643454918679931
"95",2019-04-30,"T1","T","1","8",NA,NA,NA,1.8806,1.8147,0.0659,"",0.0363145423485976
"96",2019-04-30,"T1","T","1","6",NA,NA,NA,1.9654,1.889,0.0764,"",0.0404446797247221
"97",2019-04-30,"T2","T","2","10",NA,NA,NA,1.2341,1.1283,0.1058,"",0.0937693875742267
"98",2019-04-30,"T2","T","2","2",NA,NA,NA,0.6649,0.6194,0.0455,"",0.0734581853406523
"99",2019-04-30,"T2","T","2","9",NA,NA,NA,1.3171,1.1994,0.1177,"",0.0981323995330999
"100",2019-04-30,"T2","T","2","5",NA,NA,NA,1.127,1.0284,0.0986,"",0.0958770906262155
"101",2019-05-07,"C1","C","1","8",NA,NA,NA,0.6454,0.6206,0.0248,"",0.0399613277473413
"102",2019-05-07,"C1","C","1","7",NA,NA,NA,0.6307,0.6032,0.0275,"",0.0455901856763926
"103",2019-05-07,"C1","C","1","5",NA,NA,NA,1.5383,1.4723,0.066,"",0.0448278204170346
"104",2019-05-07,"C1","C","1","10",NA,NA,NA,1.4284,1.3671,0.0613,"",0.0448394411528052
"105",2019-05-07,"C1","C","1","6",NA,NA,NA,0.8141,0.7721,0.042,"",0.0543970988213962
"106",2019-05-08,"T4","T","4","4",NA,NA,NA,2.821,2.5428,0.2782,"",0.109406952965235
"107",2019-05-08,"T4","T","4","5",NA,NA,NA,1.926,1.7415,0.1845,"",0.10594315245478
"108",2019-05-08,"T4","T","4","7",NA,NA,NA,1.6364,1.5043,0.1321,"",0.0878149305324736
"109",2019-05-08,"T4","T","4","8",NA,NA,NA,2.7954,2.5169,0.2785,"",0.110651992530494
"110",2019-05-08,"T4","T","4","10",NA,NA,NA,1.5985,1.4278,0.1707,"",0.11955455946211
"111",2019-05-08,"C4","C","4","1",NA,NA,NA,2.0859,1.8289,0.257,"",0.140521625020504
"112",2019-05-08,"C4","C","4","2",NA,NA,NA,1.9155,1.719,0.1965,"",0.114310645724258
"113",2019-05-08,"C4","C","4","3",NA,NA,NA,3.537,3.1073,0.4297,"",0.138287259035175
"114",2019-05-08,"C4","C","4","6",NA,NA,NA,3.1744,2.8853,0.2891,"",0.100197553114061
"115",2019-05-08,"C4","C","4","9",NA,NA,NA,2.2467,2.0667,0.18,"",0.0870953694295253
"116",2019-06-20,"T5","T","5","1",NA,NA,NA,1.7617,1.6684,0.0933,"",0.0559218412850635
"117",2019-06-20,"T5","T","5","10",NA,NA,NA,3.6593,3.5321,0.1272,"",0.0360125704255259
"118",2019-06-20,"T5","T","5","4",NA,NA,NA,3.7424,3.5051,0.2373,"",0.0677013494622122
"119",2019-06-20,"T5","T","5","7",NA,NA,NA,5.5978,5.362,0.2358,"",0.043976128310332
"120",2019-06-20,"T5","T","5","8",NA,NA,NA,2.8093,2.7003,0.109,"",0.0403658852720068
"121",2019-06-20,"C5","C","5","2",NA,NA,NA,4.9997,4.8681,0.1316,"",0.0270331340769499
"122",2019-06-20,"C5","C","5","3",NA,NA,NA,4.7719,4.6419,0.13,"",0.0280057734979211
"123",2019-06-20,"C5","C","5","5",NA,NA,NA,3.6765,3.5786,0.0979,"",0.027357067009445
"124",2019-06-20,"C5","C","5","6",NA,NA,NA,5.7308,5.6111,0.1197,"",0.0213327155103277
"125",2019-06-20,"C5","C","5","9",NA,NA,NA,4.819,4.672,0.147,"",0.0314640410958904
"126",2019-07-24,"C6","C","6","3",NA,NA,NA,3.1804,3.0918,0.0886,"",0.0286564460831878
"127",2019-07-24,"C6","C","6","4",NA,NA,NA,6.6969,6.3776,0.3193,"",0.0500658554942298
"128",2019-07-24,"C6","C","6","5",NA,NA,NA,1.9793,1.9074,0.0719,"",0.0376952920205515
"129",2019-07-24,"C6","C","6","6",NA,NA,NA,2.6584,2.5089,0.1495,"",0.0595878671927937
"130",2019-07-24,"T6","T","6","1",NA,NA,NA,4.5621,4.4596,0.1025,"",0.0229841241366939
"131",2019-07-24,"T6","T","6","2",NA,NA,NA,4.1312,4.0688,0.0624,"",0.0153362170664569
"132",2019-07-24,"T6","T","6","8",NA,NA,NA,3.3682,3.2521,0.1161,"",0.0357000092248086
"133",2019-07-24,"T6","T","6","9",NA,NA,NA,1.6497,1.6077,0.042,"",0.0261242769173353
"134",2019-07-24,"T6","T","6","10",NA,NA,NA,4.1173,3.9954,0.1219,"",0.0305100865995895
"135",2019-07-24,"C3","C","3","2",NA,NA,NA,2.2718,2.2155,0.0563,"",0.0254118709095012
"136",2019-07-24,"C3","C","3","4",NA,NA,NA,5.5064,5.3162,0.1902,"",0.0357774350099695
"137",2019-07-24,"C3","C","3","6",NA,NA,NA,4.1612,3.9014,0.2598,"",0.0665914799815451
"138",2019-07-24,"C3","C","3","7",NA,NA,NA,3.6532,3.4357,0.2175,"",0.0633058765317111
"139",2019-07-24,"C3","C","3","10",NA,NA,NA,3.3915,3.2652,0.1263,"",0.0386806321205439
"140",2019-07-24,"T3","T","3","1",NA,NA,NA,2.4187,2.3647,0.054,"",0.0228358777011883
"141",2019-07-24,"T3","T","3","3",NA,NA,NA,2.3056,2.0543,0.2513,"",0.122328773791559
"142",2019-07-24,"T3","T","3","5",NA,NA,NA,3.7991,3.2678,0.5313,"",0.162586449599119
"143",2019-07-24,"T3","T","3","8",NA,NA,NA,2.0963,1.983,0.1133,"",0.0571356530509329
"144",2019-07-24,"T3","T","3","9",NA,NA,NA,1.1005,1.0316,0.0689,"",0.0667894532764637
"145",2019-09-10,"C4","C","4","6",NA,NA,NA,3.4022,3.0119,0.3903,"",0.129585975630001
"146",2019-09-10,"C4","C","4","7",NA,NA,NA,2.5163,2.3067,0.2096,"",0.0908657389344085
"147",2019-09-10,"C4","C","4","5",NA,NA,NA,3.4352,3.2172,0.218,"",0.0677607857764516
"148",2019-09-10,"C4","C","4","4",NA,NA,NA,2.8323,2.6498,0.1825,"",0.0688731224998113
"149",2019-09-10,"T5","T","5","4",NA,NA,NA,4.0495,3.9319,0.1176,"",0.0299092042015311
"150",2019-09-10,"T5","T","5","7",NA,NA,NA,4.4191,4.2782,0.1409,"",0.0329344116684587
"151",2019-09-10,"T5","T","5","6",NA,NA,NA,3.486,3.4152,0.0708,"",0.0207308503162333
"152",2019-09-10,"T5","T","5","5",NA,NA,NA,5.0739,4.9455,0.1284,"",0.0259629966636336
"153",2019-09-10,"C5","C","5","1",NA,NA,NA,5.9115,5.7448,0.1667,"",0.0290175463027433
"154",2019-09-10,"C5","C","5","2",NA,NA,NA,5.717,5.5728,0.1442,"",0.0258756818834338
"155",2019-09-10,"C5","C","5","10",NA,NA,NA,4.7914,4.6208,0.1706,"",0.0369200138504155
"156",2019-09-10,"C5","C","5","3",NA,NA,NA,4.4633,4.3595,0.1038,"",0.0238100699621516
"157",2019-09-10,"T4","T","4","1",NA,NA,NA,3.2562,3.0792,0.177,"",0.0574824629773967
"158",2019-09-10,"T4","T","4","3",NA,NA,NA,3.582,3.3692,0.2128,"",0.0631603941588508
"159",2019-09-10,"T4","T","4","2",NA,NA,NA,4.2909,4.0765,0.2144,"",0.0525941371274378
"160",2019-09-10,"T4","T","4","10",NA,NA,NA,3.9853,3.8033,0.182,"",0.0478531801330424
"161",2019-11-18,"T2","T","2","1",NA,NA,NA,1.1576,1.1225,0.0351,"",0.0312694877505568
"162",2019-11-18,"T2","T","2","3",NA,NA,NA,1.5132,1.4616,0.0516,"",0.035303776683087
"163",2019-11-18,"T2","T","2","8",NA,NA,NA,1.8872,1.8389,0.0483,"",0.0262657023220404
"164",2019-11-18,"T2","T","2","9",NA,NA,NA,1.6833,1.6408,0.0425,"",0.0259019990248659
"165",2019-11-18,"T2","T","2","10",NA,NA,NA,1.8009,1.7455,0.0554,"",0.0317387568032082
"166",2019-11-18,"C2","C","2","4",NA,NA,NA,1.808,1.7492,0.0588,"",0.0336153670249257
"167",2019-11-18,"C2","C","2","5",NA,NA,NA,4.264,4.1257,0.1383,"",0.0335215842160118
"168",2019-11-18,"C2","C","2","6",NA,NA,NA,4.745,4.5732,0.1718,"",0.0375666929064987
"169",2019-11-18,"C2","C","2","7",NA,NA,NA,7.657,7.4094,0.2476,"",0.0334170108240883
"170",2019-11-23,"T1","T","1","1",NA,NA,NA,5.1309,5.0545,0.0764,"",0.0151152438421209
"171",2019-11-23,"T1","T","1","6",NA,NA,NA,3.3382,3.3007,0.0375,"",0.0113612264065198
"172",2019-11-23,"T1","T","1","8",NA,NA,NA,4.7016,4.6355,0.0661,"",0.0142595189299968
"173",2019-11-23,"T1","T","1","9",NA,NA,NA,3.3259,3.2879,0.038,"",0.0115575291219319
"174",2019-11-23,"T1","T","1","10",NA,NA,NA,3.4571,3.4191,0.038,"",0.0111140358573894
"175",2019-11-23,"C1","C","1","2",NA,NA,NA,3.6196,3.5681,0.0515,"",0.0144334519772428
"176",2019-11-23,"C1","C","1","3",NA,NA,NA,3.8834,3.8373,0.0461,"",0.0120136554348109
"177",2019-11-23,"C1","C","1","4",NA,NA,NA,4.7132,4.6456,0.0676,"",0.0145514034785604
"178",2019-11-23,"C1","C","1","5",NA,NA,NA,4.1822,4.1318,0.0504,"",0.0121980734788712
"179",2019-11-23,"C1","C","1","7",NA,NA,NA,5.0931,5.0215,0.0716,"",0.0142586876431345
"180",2019-12-05,"C2","C","2","3",NA,NA,NA,5.0639,4.0844,0.9795,"",0.239814905494075
"181",2019-12-05,"C2","C","2","4",NA,NA,NA,6.9449,5.45,1.4949,"",0.274293577981651
"182",2019-12-05,"C2","C","2","5",NA,NA,NA,6.4904,5.0246,1.4658,"",0.291724714405127
"183",2019-12-05,"C2","C","2","7",NA,NA,NA,27.0749,21.6603,5.4146,"",0.249978070479172
"184",2019-12-05,"C1","C","1","1",NA,NA,NA,1.7065,1.2161,0.4904,"",0.403256311158622
"185",2019-12-05,"C1","C","1","6",NA,NA,NA,6.221,5.1861,1.0349,"",0.19955265035383
"186",2019-12-05,"C1","C","1","8",NA,NA,NA,8.6657,7.3399,1.3258,"",0.180629163885067
"187",2019-12-05,"C1","C","1","9",NA,NA,NA,7.3162,6.0297,1.2865,"",0.213360532033103
"188",2019-12-05,"C1","C","1","10",NA,NA,NA,9.6293,7.9638,1.6655,"",0.20913383058339
"189",2019-12-05,"T1","T","1","2",NA,NA,NA,17.0751,14.6097,2.4654,"",0.168750898375737
"190",2019-12-05,"T1","T","1","4",NA,NA,NA,15.5168,12.7477,2.7691,"",0.217223499141022
"191",2019-12-05,"T1","T","1","3",NA,NA,NA,20.0304,16.5423,3.4881,"",0.210859433089715
"192",2019-12-05,"T1","T","1","5",NA,NA,NA,13.0729,10.7743,2.2986,"",0.213341005912217
"193",2019-12-05,"T1","T","1","7",NA,NA,NA,5.6413,4.7613,0.88,"",0.184823472581018
"194",2019-12-05,"T2","T","2","1",NA,NA,NA,16.7014,13.1673,3.5341,"",0.26839974786023
"195",2019-12-05,"T2","T","2","6",NA,NA,NA,19.9107,15.4448,4.4659,"",0.289152336061328
"196",2019-12-05,"T2","T","2","8",NA,NA,NA,13.88,10.7659,3.1141,"",0.289255891286376
"197",2019-12-05,"T2","T","2","9",NA,NA,NA,18.7704,14.5947,4.1757,"",0.28611071142264
"198",2019-12-05,"T2","T","2","10",NA,NA,NA,14.0881,10.981,3.1071,"",0.282952372279392
"199",2019-02-20,"C5","C","5","6",NA,NA,NA,NA,NA,NA,"Lost some material after final drying ",NA
"200",2019-02-20,"C5","C","5","7",NA,NA,NA,NA,NA,NA,"Sample lost in field",NA
"201",2019-03-13,"C1","C","1","8",NA,NA,NA,NA,NA,NA,"Input Error",NA
"202",2019-04-04,"T4","T","4","4",NA,NA,NA,NA,NA,NA,"",NA
"203",2019-11-18,"C2","C","2","2",NA,NA,NA,NA,NA,NA,"",NA
"204",2019-12-19,"C3","C","3","1",1.0362,9.1704,7.5505,8.1342,6.5143,1.6199,"",0.248668314323872
"205",2019-12-19,"C3","C","3","8",1.0528,8.8579,7.3289,7.8051,6.2761,1.529,"",0.243622631889231
"206",2019-12-19,"C3","C","3","6",1.0431,8.7088,7.268,7.6657,6.2249,1.4408,"",0.231457533454353
"207",2019-12-19,"C3","C","3","9",1.0426,6.3,5.3092,5.2574,4.2666,0.9908,"",0.232222378474664
"208",2019-12-19,"C3","C","3","10",1.0617,7.601,6.2529,6.5393,5.1912,1.3481,"",0.2596894744953
"209",2019-12-19,"T3","T","3","2",1.0627,8.9494,7.7183,7.8867,6.6556,1.2311,"",0.184972053608991
"210",2019-12-19,"T3","T","3","3",1.0419,12.402,10.8433,11.3601,9.8014,1.5587,"",0.159028302079295
"211",2019-12-19,"T3","T","3","4",1.0642,9.2672,8.0295,8.203,6.9653,1.2377,"",0.17769514593772
"212",2019-12-19,"T3","T","3","5",1.0595,10.3336,9.1458,9.2741,8.0863,1.1878,"",0.14689041959858
"213",2019-12-19,"T3","T","3","7",1.0953,9.6513,8.3823,8.556,7.287,1.269,"",0.174145738987238
"214",2019-12-19,"C4","C","4","7",1.0478,7.5929,6.5288,6.5451,5.481,1.0641,"",0.194143404488232
"215",2019-12-19,"C4","C","4","5",1.041,6.6109,5.6639,5.5699,4.6229,0.947000000000001,"",0.204849769625127
"216",2019-12-19,"C4","C","4","4",1.059,7.1226,6.0621,6.0636,5.0031,1.0605,"",0.211968579480722
"217",2019-12-19,"C4","C","4","3",1.0809,6.8866,5.8178,5.8057,4.7369,1.0688,"",0.22563279782136
"218",2019-12-19,"C4","C","4","2",1.0615,6.0916,5.2619,5.0301,4.2004,0.829699999999999,"",0.197528806780306
"219",2019-12-19,"T4","T","4","1",1.1274,7.1091,5.8603,5.9817,4.7329,1.2488,"",0.263855141667899
"220",2019-12-19,"T4","T","4","6",1.0873,10.5239,8.7762,9.4366,7.6889,1.7477,"",0.22730169465073
"221",2019-12-19,"T4","T","4","8",1.069,8.6959,7.1568,7.6269,6.0878,1.5391,"",0.252817109629094
"222",2019-12-19,"T4","T","4","9",1.0778,7.209,6.1719,6.1312,5.0941,1.0371,"",0.203588465087061
"223",2019-12-19,"T4","T","4","10",1.1099,10.694,8.9493,9.5841,7.8394,1.7447,"",0.222555297599306
"224",2020-01-14,"C5","C","5","1",1.128,10.6463,8.9985,9.5183,7.8705,1.6478,"",0.209364081062194
"225",2020-01-14,"C5","C","5","6",1.1267,8.0208,6.7548,6.8941,5.6281,1.266,"",0.2249426982463
"226",2020-01-14,"C5","C","5","8",1.1316,7.7175,6.3766,6.5859,5.245,1.3409,"",0.255653002859867
"227",2020-01-14,"C5","C","5","10",1.0963,6.8593,5.3627,5.763,4.2664,1.4966,"",0.350787549221826
"228",2020-01-14,"C5","C","5","9",1.1348,7.3889,6.1642,6.2541,5.0294,1.2247,"",0.24350817194894
"229",2020-01-14,"C5","T","5","2",1.1333,8.4395,6.9663,7.3062,5.833,1.4732,"",0.252563003600206
"230",2020-01-14,"C5","T","5","3",1.0991,8.5329,6.9023,7.4338,5.8032,1.6306,"",0.280982905982906
"231",2020-01-14,"C5","T","5","4",1.0587,7.5625,5.8052,6.5038,4.7465,1.7573,"",0.370230696302539
"232",2020-01-14,"C5","T","5","5",1.0852,7.0355,5.7067,5.9503,4.6215,1.3288,"",0.287525695120632
"233",2020-01-14,"C5","T","5","7",1.1094,7.3684,6.0236,6.259,4.9142,1.3448,"",0.273655935859346
"234",2020-01-20,"C6","C","6","2",1.1218,9.1748,7.7246,8.053,6.6028,1.4502,"",0.219634094626522
"235",2020-01-20,"C6","C","6","3",1.0834,9.1772,7.7604,8.0938,6.677,1.4168,"",0.212191103789127
"236",2020-01-20,"C6","C","6","4",1.0659,5.7332,4.9523,4.6673,3.8864,0.7809,"",0.200931453272952
"237",2020-01-20,"C6","C","6","5",1.1266,7.1092,6.0384,5.9826,4.9118,1.0708,"",0.2180056191213
"238",2020-01-20,"C6","C","6","7",1.1191,9.2955,8.0295,8.1764,6.9104,1.266,"",0.183202130122714
"239",2020-01-20,"T6","T","6","1",1.1422,8.9504,7.5975,7.8082,6.4553,1.3529,"",0.209579725187056
"240",2020-01-20,"T6","T","6","6",1.1306,8.6435,7.4123,7.5129,6.2817,1.2312,"",0.195997898658007
"241",2020-01-20,"T6","T","6","8",1.0689,6.5198,5.6456,5.4509,4.5767,0.8742,"",0.191010990451635
"242",2020-01-20,"T6","T","6","9",1.1048,9.3489,8.0318,8.2441,6.927,1.3171,"",0.19014003175978
"243",2020-01-20,"T6","T","6","10",1.1148,10.48,8.932,9.3652,7.8172,1.548,"",0.198024868239267
"244",2020-01-23,"C2","C","2","4",1.1182,8.1234,6.5769,7.0052,5.4587,1.5465,"",0.283309212816238
"245",2020-01-23,"C2","C","2","8",1.0782,7.1244,5.904,6.0462,4.8258,1.2204,"",0.252890712420738
"246",2020-01-23,"C2","C","2","7",1.056,7.2481,5.8931,6.1921,4.8371,1.355,"",0.280126522089682
"247",2020-01-23,"C2","C","2","2",1.016,4.247,3.479,3.231,2.463,0.768,"",0.311814859926918
"248",2020-01-23,"C2","C","2","5",1.0059,8.1099,6.7189,7.104,5.713,1.391,"",0.243479782951164
"249",2020-01-23,"T2","T","2","1",1.0618,10.5963,8.5731,9.5345,7.5113,2.0232,"",0.269354173045944
"250",2020-01-23,"T2","T","2","6",1.0845,9.4347,7.8837,8.3502,6.7992,1.551,"",0.228115072361454
"251",2020-01-23,"T2","T","2","3",1.0477,8.4175,7.0008,7.3698,5.9531,1.4167,"",0.237976852396231
"252",2020-01-23,"T2","T","2","10",1.0986,8.3851,6.8325,7.2865,5.7339,1.5526,"",0.270775562880413
"253",2020-01-23,"T2","T","2","9",1.0452,8.4305,6.757,7.3853,5.7118,1.6735,"",0.292989950628524
"254",2020-01-23,"T1","T","1","7",1.0467,14.4114,12.4307,13.3647,11.384,1.9807,"",0.173989810260014
"255",2020-01-23,"T1","T","1","8",1.0744,10.4238,8.8199,9.3494,7.7455,1.6039,"",0.207075075850494
"256",2020-01-23,"T1","T","1","4",1.0743,9.5985,8.3701,8.5242,7.2958,1.2284,"",0.168370843498999
"257",2020-01-23,"T1","T","1","5",1.0425,8.2979,7.0904,7.2554,6.0479,1.2075,"",0.19965607896956
"258",2020-01-23,"T1","T","1","2",1.1041,8.3641,7.2149,7.26,6.1108,1.1492,"",0.188060483079139
"259",2020-01-23,"C1","C","1","6",1.0878,9.6595,8.3979,8.5717,7.3101,1.2616,"",0.172583138397559
"260",2020-01-23,"C1","C","1","3",1.062,10.7157,9.1768,9.6537,8.1148,1.5389,"",0.189641149504609
"261",2020-01-23,"C1","C","1","10",1.041,9.34,8.1583,8.299,7.1173,1.1817,"",0.166032062720414
"262",2020-01-23,"C1","C","1","9",1.0691,11.6025,10.2653,10.5334,9.1962,1.3372,"",0.145407885865901
"263",2020-01-23,"C1","C","1","1",1.1212,11.1036,9.6485,9.9824,8.5273,1.4551,"",0.170640179189192
"264",2020-01-30,"C3","C","3","1",1.1328,6.0069,5.2735,4.8741,4.1407,0.7334,"",0.177119810660033
"265",2020-01-30,"C3","C","3","3",1.1462,7.1141,6.2277,5.9679,5.0815,0.8864,"",0.174436682082062
"266",2020-01-30,"C3","C","3","6",1.1106,6.7563,5.8581,5.6457,4.7475,0.8982,"",0.189194312796209
"267",2020-01-30,"C3","C","3","9",1.1395,6.834,5.9232,5.6945,4.7837,0.9108,"",0.190396554967912
"268",2020-01-30,"C3","C","3","10",1.1182,6.0982,5.4554,4.98,4.3372,0.6428,"",0.148206215991884
"269",2020-01-30,"C4","C","4","1",1.1351,7.2289,6.2319,6.0938,5.0968,0.997,"",0.195612933605399
"270",2020-01-30,"C4","C","4","3",1.104,5.8358,5.096,4.7318,3.992,0.7398,"",0.185320641282565
"271",2020-01-30,"C4","C","4","6",1.0818,5.5172,4.7249,4.4354,3.6431,0.7923,"",0.217479619005792
"272",2020-01-30,"C4","C","4","9",1.084,6.9554,5.9272,5.8714,4.8432,1.0282,"",0.212297654443343
"273",2020-01-30,"C4","C","4","10",1.1502,7.5591,6.3819,6.4089,5.2317,1.1772,"",0.225012902115947
"274",2020-01-30,"T3","T","3","2",1.1705,9.4749,8.5631,8.3044,7.3926,0.911799999999999,"",0.123339555771988
"275",2020-01-30,"T3","T","3","4",1.1467,9.116,8.1984,7.9693,7.0517,0.9176,"",0.130124650793426
"276",2020-01-30,"T3","T","3","5",1.1332,8.6523,7.9928,7.5191,6.8596,0.6595,"",0.0961426322234532
"277",2020-01-30,"T3","T","3","7",1.1551,9.6273,8.5868,8.4722,7.4317,1.0405,"",0.140008342640311
"278",2020-01-30,"T3","T","3","8",1.1245,11.4444,9.6569,10.3199,8.5324,1.7875,"",0.20949556982795
"279",2020-01-30,"T4","T","4","2",1.1247,7.6988,6.5224,6.5741,5.3977,1.1764,"",0.217944680141542
"280",2020-01-30,"T4","T","4","4",1.1154,9.0608,7.5877,7.9454,6.4723,1.4731,"",0.227600698360706
"281",2020-01-30,"T4","T","4","5",1.1716,8.5513,7.0822,7.3797,5.9106,1.4691,"",0.248553446350624
"282",2020-01-30,"T4","T","4","7",1.1389,9.2238,7.648,8.0849,6.5091,1.5758,"",0.242091840653854
"283",2020-01-30,"T4","T","4","8",1.1655,10.2532,7.9777,9.0877,6.8122,2.2755,"",0.334033058336514
"284",2020-02-13,"C6","C","6","1",1.0721,6.5388,5.8289,5.4667,4.7568,0.7099,"",0.149238984191053
"285",2020-02-13,"C6","C","6","9",1.0733,7.8787,7.1232,6.8054,6.0499,0.755500000000001,"",0.124878097158631
"286",2020-02-13,"C6","C","6","6",1.0566,7.8284,7.1558,6.7718,6.0992,0.672600000000001,"",0.110276757607555
"287",2020-02-13,"C6","C","6","8",1.0732,8.2729,7.5093,7.1997,6.4361,0.7636,"",0.118643277761377
"288",2020-02-13,"C6","C","6","3",1.0856,7.8056,7.1558,6.72,6.0702,0.649800000000001,"",0.107047543738262
"289",2020-02-13,"T6","T","6","7",1.093,7.4546,6.8309,6.3616,5.7379,0.6237,"",0.108698304257655
"290",2020-02-13,"T6","T","6","5",1.0385,9.2573,8.2815,8.2188,7.243,0.975800000000002,"",0.134723181002347
"291",2020-02-13,"T6","T","6","4",1.0973,8.2525,7.4083,7.1552,6.311,0.8442,"",0.133766439549992
"292",2020-02-13,"T6","T","6","2",1.1151,8.6901,7.7478,7.575,6.6327,0.942299999999999,"",0.142068840743588
"293",2020-02-13,"T6","T","6","10",1.1146,9.2825,8.2815,8.1679,7.1669,1.001,"",0.139669871213496
"294",2020-02-13,"C5","C","5","2",1.0641,8.8389,8.0374,7.7748,6.9733,0.801500000000001,"",0.11493840792738
"295",2020-02-13,"C5","C","5","5",1.0839,8.5495,7.7651,7.4656,6.6812,0.7844,"",0.117404059151051
"296",2020-02-13,"C5","C","5","4",1.078,10.3814,9.4829,9.3034,8.4049,0.898499999999999,"",0.106901926257302
"297",2020-02-13,"C5","C","5","7",1.0643,9.1049,8.0712,8.0406,7.0069,1.0337,"",0.147526010075783
"298",2020-02-13,"C5","C","5","10",1.0541,8.674,7.6779,7.6199,6.6238,0.996099999999999,"",0.150381955976932
"299",2020-02-13,"T5","T","5","9",1.0631,10.4909,9.8605,9.4278,8.7974,0.6304,"",0.0716575351808489
"300",2020-02-13,"T5","T","5","8",1.0603,8.297,7.386,7.2367,6.3257,0.911,"",0.144015682058903
"301",2020-02-13,"T5","T","5","3",1.0351,7.7473,6.8241,6.7122,5.789,0.9232,"",0.15947486612541
"302",2020-02-13,"T5","T","5","6",1.0601,9.0729,8.2092,8.0128,7.1491,0.863700000000001,"",0.120812409953701
"303",2020-02-13,"T5","T","5","1",1.0494,10.0049,9.0599,8.9555,8.0105,0.944999999999999,"",0.11797016415954
"304",2020-02-20,"T1","T","1","6",1.0773,8.2615,7.7794,7.1842,6.7021,0.4821,"",0.0719326778174005
"305",2020-02-20,"T1","T","1","3",1.0234,8.7515,8.2013,7.7281,7.1779,0.5502,"",0.0766519455551067
"306",2020-02-20,"T1","T","1","4",1.0676,9.9912,9.3131,8.9236,8.2455,0.678099999999999,"",0.0822387969195317
"307",2020-02-20,"T1","T","1","8",1.0197,10.1955,9.5655,9.1758,8.5458,0.629999999999999,"",0.0737204240679631
"308",2020-02-20,"T1","T","1","10",1.0327,10.8724,10.175,9.8397,9.1423,0.6974,"",0.076282773481509
"309",2020-02-20,"C1","C","1","1",1.0149,9.2923,8.5959,8.2774,7.581,0.6964,"",0.091861232027437
"310",2020-02-20,"C1","C","1","7",1.0198,10.7109,9.9665,9.6911,8.9467,0.744400000000001,"",0.083203862876815
"311",2020-02-20,"C1","C","1","5",1.027,8.5494,8.077,7.5224,7.05,0.4724,"",0.0670070921985816
"312",2020-02-20,"C1","C","1","9",1.0064,8.3868,7.8673,7.3804,6.8609,0.519499999999999,"",0.0757189290034834
"313",2020-02-20,"C1","C","1","2",1.0238,12.2844,11.5359,11.2606,10.5121,0.7485,"",0.0712036605435641
"314",2020-02-20,"T2","T","2","9",1.0478,7.076,6.4399,6.0282,5.3921,0.636100000000001,"",0.117968880399103
"315",2020-02-20,"T2","T","2","7",1.0218,8.6992,7.7545,7.6774,6.7327,0.944699999999999,"",0.140315178160322
"316",2020-02-20,"T2","T","2","5",1.0302,9.7801,8.7405,8.7499,7.7103,1.0396,"",0.134832626486647
"317",2020-02-20,"T2","T","2","2",1.0193,8.8689,8.037,7.8496,7.0177,0.831899999999999,"",0.118543112415749
"318",2020-02-20,"T2","T","2","1",1.0748,8.8764,7.9881,7.8016,6.9133,0.8883,"",0.12849145849305
"319",2020-02-20,"C2","C","2","8",1.0423,10.1628,8.9975,9.1205,7.9552,1.1653,"",0.146482803700724
"320",2020-02-20,"C2","C","2","3",1.0934,8.6131,7.6872,7.5197,6.5938,0.9259,"",0.140419788285966
"321",2020-02-20,"C2","C","2","4",1.0489,9.2435,8.2007,8.1946,7.1518,1.0428,"",0.145809446572891
"322",2020-02-20,"C2","C","2","10",1.0524,8.7459,7.6386,7.6935,6.5862,1.1073,"",0.168124259815979
"323",2020-02-20,"C2","C","2","6",1.0164,8.9381,7.9269,7.9217,6.9105,1.0112,"",0.146328051515809
"324",2020-02-24,"T4","T","4","5",1.062,7.111,6.2138,6.049,5.1518,0.8972,"",0.174152723320005
"325",2020-02-24,"T4","T","4","2",1.081,7.6866,6.8908,6.6056,5.8098,0.795800000000002,"",0.136975455265242
"326",2020-02-24,"T4","T","4","9",1.052,6.9371,6.1394,5.8851,5.0874,0.797699999999999,"",0.15679915084326
"327",2020-02-24,"T4","T","4","1",1.032,6.9265,6.0992,5.8945,5.0672,0.8273,"",0.16326570887275
"328",2020-02-24,"C4","C","4","6",1.014,6.4486,5.9941,5.4346,4.9801,0.454499999999999,"",0.0912632276460311
"329",2020-02-24,"C4","C","4","4",1.039,4.6914,4.2232,3.6524,3.1842,0.4682,"",0.14703850260662
"330",2020-02-24,"C4","C","4","10",1.029,6.6637,6.0332,5.6347,5.0042,0.630500000000001,"",0.125994164901483
"331",2020-02-24,"C3","C","3","2",1.045,8.5179,7.6575,7.4729,6.6125,0.860399999999999,"",0.130117202268431
"332",2020-02-24,"C3","C","3","7",1.035,8.6969,8.5022,7.6619,7.4672,0.194699999999999,"",0.026074030426398
"333",2020-02-24,"C3","C","3","5",1.021,11.0933,10.0805,10.0723,9.0595,1.0128,"",0.111794249130747
"334",2020-02-24,"C3","C","3","9",1.016,9.1205,8.292,8.1045,7.276,0.8285,"",0.113867509620671
"335",2020-02-24,"C3","C","3","1",1.028,10.3934,9.5045,9.3654,8.4765,0.8889,"",0.10486639532826
"336",2020-02-24,"T3","T","3","6",1.021,8.7327,8.1385,7.7117,7.1175,0.594199999999999,"",0.0834843695117666
"337",2020-02-24,"T3","T","3","3",1.076,6.572,5.9516,5.496,4.8756,0.6204,"",0.12724587743047
"338",2020-02-24,"T3","T","3","8",1.015,8.012,7.4195,6.997,6.4045,0.5925,"",0.0925130767429152
"339",2020-02-24,"T3","T","3","4",1.013,7.9877,7.2953,6.9747,6.2823,0.6924,"",0.110214411919202
"340",2020-02-24,"T3","T","3","10",1.055,8.5243,7.9992,7.4693,6.9442,0.5251,"",0.0756170617205726
"341",2020-03-12,"T5","T","5","6",1.0647,8.6616,7.768,7.5969,6.7033,0.8936,"",0.133307475422553
"342",2020-03-12,"T5","T","5","5",1.0121,8.3906,7.3486,7.3785,6.3365,1.042,"",0.164444093742602
"343",2020-03-12,"T5","T","5","10",1.0241,10.1353,9.1266,9.1112,8.1025,1.0087,"",0.124492440604752
"344",2020-03-12,"T5","T","5","4",1.0465,9.8682,8.7485,8.8217,7.702,1.1197,"",0.145377823941833
"345",2020-03-12,"T5","T","5","8",1.0385,10.7939,9.33,9.7554,8.2915,1.4639,"",0.176554302599048
"346",2020-03-12,"T3","T","3","7",1.022,11.9666,10.7796,10.9446,9.7576,1.187,"",0.121648766090022
"347",2020-03-12,"T3","T","3","3",1.0182,14.0894,12.9233,13.0712,11.9051,1.1661,"",0.0979496182308423
"348",2020-03-12,"T3","T","3","1",1.0183,13.5737,12.6865,12.5554,11.6682,0.8872,"",0.0760357210195231
"349",2020-03-12,"T3","T","3","2",1.0014,11.6365,10.8942,10.6351,9.8928,0.7423,"",0.075034368429565
"350",2020-03-12,"T3","T","3","9",1.0285,14.3968,13.2397,13.3683,12.2112,1.1571,"",0.0947572720125787
"351",2020-03-12,"C5","C","5","7",1.0587,9.9557,8.2384,8.897,7.1797,1.7173,"",0.239188266919231
"352",2020-03-12,"C5","C","5","9",1.0103,9.242,8.3197,8.2317,7.3094,0.922300000000001,"",0.126179987413468
"353",2020-03-12,"C5","C","5","3",1.0162,11.677,9.6775,10.6608,8.6613,1.9995,"",0.230854490665373
"354",2020-03-12,"C5","C","5","1",1.013,11.3932,9.7995,10.3802,8.7865,1.5937,"",0.181380526944745
"355",2020-03-12,"C5","C","5","2",1.0531,11.6258,10.6518,10.5727,9.5987,0.974,"",0.101472074343401
"356",2020-03-12,"C3","C","3","10",1.0169,10.3413,9.5016,9.3244,8.4847,0.839700000000001,"",0.0989663747687014
"357",2020-03-12,"C3","C","3","8",1.0054,12.2395,10.8763,11.2341,9.8709,1.3632,"",0.138102908549372
"358",2020-03-12,"C3","C","3","4",1.015,10.6526,9.5512,9.6376,8.5362,1.1014,"",0.129026967503104
"359",2020-03-12,"C3","C","3","6",1.0432,14.1462,12.925,13.103,11.8818,1.2212,"",0.102779040212762
"360",2020-03-12,"C3","C","3","5",0.9938,16.1243,15.0896,15.1305,14.0958,1.0347,"",0.073404843996084
