date collection,date analysis,component,treatment type,site id,bucket,syringe id,peak heights (mV),peak heights (um/m),Time,QC(Y/N),standard_type,standard_ppm,field temp (kelvin),pressure (atm),,,,,,,,,,,
3/13/2019,3/15/2019,CO2,t,1,5,1001,136.12,18.679,0,,,,290.372222,1.00296721,,,,,,,,,,,
3/13/2019,3/15/2019,CO2,t,1,5,1006,125.37,17.191,61,,,,290.372222,1.00296721,,,,,,,,,,,
3/13/2019,3/15/2019,CO2,t,1,5,1011,168.5,23.178,121,,,,290.372222,1.00296721,,,,,,,,,,,
3/13/2019,3/15/2019,CO2,t,1,9,T191,132.62,18.195,0,,,,290.372222,1.00296721,,,,,,,,,,,
3/13/2019,3/15/2019,CO2,t,1,9,1005,222.5,30.738,60,,,,290.372222,1.00296721,,,,,,,,,,,
3/13/2019,3/15/2019,CO2,t,1,9,1010,262.62,36.403,122,,,,290.372222,1.00296721,,,,,,,,,,,
3/13/2019,3/15/2019,CO2,t,1,2,17,149.5,20.537,0,,,,290.372222,1.00296721,,,,,,,,,,,
3/13/2019,3/15/2019,CO2,t,1,2,1008,310.5,43.219,60,,,,290.372222,1.00296721,,,,,,,,,,,
3/13/2019,3/15/2019,CO2,t,1,2,"1003,Ji",289.75,40.258,121,,,,290.372222,1.00296721,,,,,,,,,,,
3/13/2019,3/15/2019,CO2,t,1,7,35,132.87,18.23,0,,,,290.372222,1.00296721,,,,,,,,,,,
3/13/2019,3/15/2019,CO2,t,1,7,"Ti,1004",175,24.085,60,,,,290.372222,1.00296721,,,,,,,,,,,
3/13/2019,3/15/2019,CO2,t,1,7,1009,125.62,17.226,123,,,,290.372222,1.00296721,,,,,,,,,,,
3/13/2019,3/15/2019,CO2,c,1,4,8,126.5,17.345,0,,,,290.372222,1.00296721,,,,,,,,,,,
3/13/2019,3/15/2019,CO2,c,1,4,37,249.5,34.542,60,,,,290.372222,1.00296721,,,,,,,,,,,
3/13/2019,3/15/2019,CO2,c,1,4,Gi,183.75,25.304,119,,,,290.372222,1.00296721,,,,,,,,,,,
3/13/2019,3/15/2019,CO2,c,1,10,Di,140.75,19.32,0,,,,290.372222,1.00296721,,,,,,,,,,,
3/13/2019,3/15/2019,CO2,c,1,10,41,160.5,22.064,59,,,,290.372222,1.00296721,,,,,,,,,,,
3/13/2019,3/15/2019,CO2,c,1,10,Xi,164.62,22.636,117,,,,290.372222,1.00296721,,,,,,,,,,,
3/13/2019,3/15/2019,CO2,c,1,6,Ci,138.25,18.972,0,,,,290.372222,1.00296721,,,,,,,,,,,
3/13/2019,3/15/2019,CO2,c,1,6,37,138.25,18.971,59,,,,290.372222,1.00296721,,,,,,,,,,,
3/13/2019,3/15/2019,CO2,c,1,6,Yi,133.87,18.367,119,,,,290.372222,1.00296721,,,,,,,,,,,
3/13/2019,3/15/2019,CO2,c,1,8,25,142.75,19.59,0,,,,290.372222,1.00296721,,,,,,,,,,,
3/13/2019,3/15/2019,CO2,c,1,8,7,132.75,18.209,60,,,,290.372222,1.00296721,,,,,,,,,,,
3/13/2019,3/15/2019,CO2,c,1,8,Ai,143.75,19.736,118,,,,290.372222,1.00296721,,,,,,,,,,,
3/13/2019,3/15/2019,CO2,c,1,1,39,137,18.798,0,,,,290.372222,1.00296721,,,,,,,,,,,
3/13/2019,3/15/2019,CO2,c,1,1,Hi,117.87,16.154,60,,,,290.372222,1.00296721,,,,,,,,,,,
3/13/2019,3/15/2019,CO2,c,1,1,Bi,110.37,15.115,118,,,,290.372222,1.00296721,,,,,,,,,,,
3/13/2019,3/15/2019,CO2,c,2,5,4,150.87,20.723,0,,,,290.372222,1.00296721,,,,,,,,,,,
3/13/2019,3/15/2019,CO2,c,2,5,6,177.62,24.446,59,,,,290.372222,1.00296721,,,,,,,,,,,
3/13/2019,3/15/2019,CO2,c,2,5,M,279.12,38.738,124,,,,290.372222,1.00296721,,,,,,,,,,,
3/13/2019,3/15/2019,CO2,c,2,9,1,126.5,17.346,0,,,,290.372222,1.00296721,,,,,,,,,,,
3/13/2019,3/15/2019,CO2,c,2,9,13,187.75,25.863,61,,,,290.372222,1.00296721,,,,,,,,,,,
3/13/2019,3/15/2019,CO2,c,2,9,26,200.62,27.666,122,,,,290.372222,1.00296721,,,,,,,,,,,
3/13/2019,3/15/2019,CO2,c,2,2,20,129.75,17.795,0,,,,290.372222,1.00296721,,,,,,,,,,,
3/13/2019,3/15/2019,CO2,c,2,2,31,115.62,15.842,60,,,,290.372222,1.00296721,,,,,,,,,,,
3/13/2019,3/15/2019,CO2,c,2,2,Psi,148.62,20.413,126,,,,290.372222,1.00296721,,,,,,,,,,,
3/13/2019,3/15/2019,CO2,c,2,3,11,138.25,19.973,0,,,,290.372222,1.00296721,,,,,,,,,,,
3/13/2019,3/15/2019,CO2,c,2,3,47,159.5,21.924,62,,,,290.372222,1.00296721,,,,,,,,,,,
3/13/2019,3/15/2019,CO2,c,2,3,43,176.62,24.31,123,,,,290.372222,1.00296721,,,,,,,,,,,
3/13/2019,3/15/2019,CO2,c,2,7,21,139.87,19.198,0,,,,290.372222,1.00296721,,,,,,,,,,,
3/13/2019,3/15/2019,CO2,c,2,7,34,175.25,24.117,61,,,,290.372222,1.00296721,,,,,,,,,,,
3/13/2019,3/15/2019,CO2,c,2,7,12,133,18.245,125,,,,290.372222,1.00296721,,,,,,,,,,,
3/13/2019,3/15/2019,CO2,t,2,1,N,123,16.859,0,,,,290.372222,1.00296721,,,,,,,,,,,
3/13/2019,3/15/2019,CO2,t,2,1,22,142.25,19.526,56,,,,290.372222,1.00296721,,,,,,,,,,,
3/13/2019,3/15/2019,CO2,t,2,1,40,128.87,17.672,120,,,,290.372222,1.00296721,,,,,,,,,,,
3/13/2019,3/15/2019,CO2,t,2,10,15,120.75,16.548,0,,,,290.372222,1.00296721,,,,,,,,,,,
3/13/2019,3/15/2019,CO2,t,2,10,32,162.62,22.356,57,,,,290.372222,1.00296721,,,,,,,,,,,
3/13/2019,3/15/2019,CO2,t,2,10,14,150.37,20.653,118,,,,290.372222,1.00296721,,,,,,,,,,,
3/13/2019,3/15/2019,CO2,t,2,8,5,143.12,19.647,0,,,,290.372222,1.00296721,,,,,,,,,,,
3/13/2019,3/15/2019,CO2,t,2,8,45,155.25,21.332,58,,,,290.372222,1.00296721,,,,,,,,,,,
3/13/2019,3/15/2019,CO2,t,2,8,Ki,136.62,18.746,120,,,,290.372222,1.00296721,,,,,,,,,,,
3/13/2019,3/15/2019,CO2,t,2,6,24,141.75,19.457,0,,,,290.372222,1.00296721,,,,,,,,,,,
3/13/2019,3/15/2019,CO2,t,2,6,19,159.5,21.923,59,,,,290.372222,1.00296721,,,,,,,,,,,
3/13/2019,3/15/2019,CO2,t,2,6,29,154.87,21.28,120,,,,290.372222,1.00296721,,,,,,,,,,,
3/13/2019,3/15/2019,CO2,t,2,4,36,141.12,19.371,0,,,,290.372222,1.00296721,,,,,,,,,,,
3/13/2019,3/15/2019,CO2,t,2,4,O,121.37,16.636,58,,,,290.372222,1.00296721,,,,,,,,,,,
3/13/2019,3/15/2019,CO2,t,2,4,2,137.75,18.903,121,,,,290.372222,1.00296721,,,,,,,,,,,
4/1/2019,4/3/2019,CO2,t,3,1,450,145.12,19.975,0,,,,299.261111,0.99862247,,,,,,,,,,,
4/1/2019,4/3/2019,CO2,t,3,1,310,382.37,53.705,62,,,,299.261111,0.99862247,,,,,,,,,,,
4/1/2019,4/3/2019,CO2,t,3,1,210,577.12,82.727,125,,,,299.261111,0.99862247,,,,,,,,,,,
4/1/2019,4/3/2019,CO2,t,3,7,110,168.62,23.254,0,,,,299.261111,0.99862247,,,,,,,,,,,
4/1/2019,4/3/2019,CO2,t,3,7,330,305.25,42.573,63,,,,299.261111,0.99862247,,,,,,,,,,,
4/1/2019,4/3/2019,CO2,t,3,7,40,271.87,37.81,120,,,,299.261111,0.99862247,,,,,,,,,,,
4/1/2019,4/3/2019,CO2,t,3,3,470,143.87,19.805,0,,,,299.261111,0.99862247,,,,,,,,,,,
4/1/2019,4/3/2019,CO2,t,3,3,Lio,302,42.113,61,,,,299.261111,0.99862247,,,,,,,,,,,
4/1/2019,4/3/2019,CO2,t,3,3,390,270.12,37.552,118,,,,299.261111,0.99862247,,,,,,,,,,,
4/1/2019,4/3/2019,CO2,t,3,10,130,153.25,21.111,0,,,,299.261111,0.99862247,,,,,,,,,,,
4/1/2019,4/3/2019,CO2,t,3,10,360,198.87,27.491,59,,,,299.261111,0.99862247,,,,,,,,,,,
4/1/2019,4/3/2019,CO2,t,3,10,10080,182.87,25.241,115,,,,299.261111,0.99862247,,,,,,,,,,,
4/1/2019,4/3/2019,CO2,t,3,6,250,143,19.677,0,,,,299.261111,0.99862247,,,,,,,,,,,
4/1/2019,4/3/2019,CO2,t,3,6,CiO,320.25,44.73,56,,,,299.261111,0.99862247,,,,,,,,,,,
4/1/2019,4/3/2019,CO2,t,3,6,10110,349.75,48.988,112,,,,299.261111,0.99862247,,,,,,,,,,,
4/1/2019,4/3/2019,CO2,c,3,8,400,116.75,16.047,0,,,,299.261111,0.99862247,,,,,,,,,,,
4/1/2019,4/3/2019,CO2,c,3,8,10090,190.37,26.313,63,,,,299.261111,0.99862247,,,,,,,,,,,
4/1/2019,4/3/2019,CO2,c,3,8,200,162.5,22.411,121,,,,299.261111,0.99862247,,,,,,,,,,,
4/1/2019,4/3/2019,CO2,c,3,9,120,148.25,20.423,0,,,,299.261111,0.99862247,,,,,,,,,,,
4/1/2019,4/3/2019,CO2,c,3,9,10100,162.37,22.394,50,,,,299.261111,0.99862247,,,,,,,,,,,
4/1/2019,4/3/2019,CO2,c,3,9,500,138.87,19.118,121,,,,299.261111,0.99862247,,,,,,,,,,,
4/1/2019,4/3/2019,CO2,c,3,5,BiO,147.37,20.304,0,,,,299.261111,0.99862247,,,,,,,,,,,
4/1/2019,4/3/2019,CO2,c,3,5,140,176.12,24.314,63,,,,299.261111,0.99862247,,,,,,,,,,,
4/1/2019,4/3/2019,CO2,c,3,5,430,118.25,16.256,119,,,,299.261111,0.99862247,,,,,,,,,,,
4/1/2019,4/3/2019,CO2,c,3,4,MOO,142.75,19.658,0,,,,299.261111,0.99862247,,,,,,,,,,,
4/1/2019,4/3/2019,CO2,c,3,4,AiO,193.5,26.751,60,,,,299.261111,0.99862247,,,,,,,,,,,
4/1/2019,4/3/2019,CO2,c,3,4,370,200,27.654,120,,,,299.261111,0.99862247,,,,,,,,,,,
4/1/2019,4/3/2019,CO2,c,3,2,320,148.37,20.441,0,,,,299.261111,0.99862247,,,,,,,,,,,
4/1/2019,4/3/2019,CO2,c,3,2,"1006O,Ri",118.62,16.302,60,,,,299.261111,0.99862247,,,,,,,,,,,
4/1/2019,4/3/2019,CO2,c,3,2,240,219.75,30.444,120,,,,299.261111,0.99862247,,,,,,,,,,,
4/1/2019,4/3/2019,CO2,c,alt,1,60,135.5,18.641,0,,,,299.261111,0.99862247,,,,,,,,,,,
4/1/2019,4/3/2019,CO2,c,alt,1,220,375.87,52.773,59,,,,299.261111,0.99862247,,,,,,,,,,,
4/1/2019,4/3/2019,CO2,c,alt,1,AAA,332.25,46.457,114,,,,299.261111,0.99862247,,,,,,,,,,,
4/1/2019,4/3/2019,CO2,c,alt,6,410,134.25,18.469,0,,,,299.261111,0.99862247,,,,,,,,,,,
4/1/2019,4/3/2019,CO2,c,alt,6,340,536.25,76.538,60,,,,299.261111,0.99862247,,,,,,,,,,,
4/1/2019,4/3/2019,CO2,c,alt,6,CCC,438.75,61.988,116,,,,299.261111,0.99862247,,,,,,,,,,,
4/1/2019,4/3/2019,CO2,c,alt,10,290,128,17.6,0,,,,299.261111,0.99862247,,,,,,,,,,,
4/1/2019,4/3/2019,CO2,c,alt,10,JiO,235,32.583,58,,,,299.261111,0.99862247,,,,,,,,,,,
4/1/2019,4/3/2019,CO2,c,alt,10,DDD,118.87,16.336,115,,,,299.261111,0.99862247,,,,,,,,,,,
4/1/2019,4/3/2019,CO2,c,alt,3,70,124.37,17.097,0,,,,299.261111,0.99862247,,,,,,,,,,,
4/1/2019,4/3/2019,CO2,c,alt,3,Ti0,418.12,58.945,57,,,,299.261111,0.99862247,,,,,,,,,,,
4/1/2019,4/3/2019,CO2,c,alt,3,BBB,294.5,41.046,115,,,,299.261111,0.99862247,,,,,,,,,,,
4/1/2019,4/3/2019,CO2,c,alt,7,Dio,127.87,17.586,0,,,,299.261111,0.99862247,,,,,,,,,,,
4/1/2019,4/3/2019,CO2,c,alt,7,80,346.75,48.553,55,,,,299.261111,0.99862247,,,,,,,,,,,
4/1/2019,4/3/2019,CO2,c,alt,7,EEE,271.5,37.765,113,,,,299.261111,0.99862247,,,,,,,,,,,
4/1/2019,4/3/2019,CO2,t,alt,8,XiO,146.37,20.157,0,,,,299.261111,0.99862247,,,,,,,,,,,
4/1/2019,4/3/2019,CO2,t,alt,8,26,541.75,77.379,60,,,,299.261111,0.99862247,,,,,,,,,,,
4/1/2019,4/3/2019,CO2,t,alt,8,"Sun,0",595.87,85.622,120,,,,299.261111,0.99862247,,,,,,,,,,,
4/1/2019,4/3/2019,CO2,t,alt,9,10010,145.5,20.037,0,,,,299.261111,0.99862247,,,,,,,,,,,
4/1/2019,4/3/2019,CO2,t,alt,9,190,424.12,59.843,59,,,,299.261111,0.99862247,,,,,,,,,,,
4/1/2019,4/3/2019,CO2,t,alt,9,"Star,0",307.5,42.908,118,,,,299.261111,0.99862247,,,,,,,,,,,
4/1/2019,4/3/2019,CO2,t,alt,5,10,125.25,17.22,0,,,,299.261111,0.99862247,,,,,,,,,,,
4/1/2019,4/3/2019,CO2,t,alt,5,350,369.87,51.911,60,,,,299.261111,0.99862247,,,,,,,,,,,
4/1/2019,4/3/2019,CO2,t,alt,5,Heart Zero,298.37,41.599,119,,,,299.261111,0.99862247,,,,,,,,,,,
4/1/2019,4/3/2019,CO2,t,alt,2,,143.37,19.739,0,,,,299.261111,0.99862247,,,,,,,,,,,
4/1/2019,4/3/2019,CO2,t,alt,2,170,431,60.848,59,,,,299.261111,0.99862247,,,,,,,,,,,
4/1/2019,4/3/2019,CO2,t,alt,2,Sun,235.25,32.623,117,,,,299.261111,0.99862247,,,,,,,,,,,
4/1/2019,4/3/2019,CO2,t,alt,4,T1910,128.87,17.725,0,,,,299.261111,0.99862247,,,,,,,,,,,
4/1/2019,4/3/2019,CO2,t,alt,4,<3,345.37,48.36,60,,,,299.261111,0.99862247,,,,,,,,,,,
4/1/2019,4/3/2019,CO2,t,alt,4,GiO,289.75,40.368,120,,,,299.261111,0.99862247,,,,,,,,,,,
4/4/2019,4/5/2019,CO2,c,5,5,10080,142.12,19.52,0,,,,289.2611,1.0022988,,,,,,,,,,,
4/4/2019,4/5/2019,CO2,c,5,5,Sun00,270.75,38.851,60,,,,289.2611,1.0022988,,,,,,,,,,,
4/4/2019,4/5/2019,CO2,c,5,5,sun0,272.37,37.799,120,,,,289.2611,1.0022988,,,,,,,,,,,
4/4/2019,4/5/2019,CO2,c,5,10,3300,147.62,20.283,0,,,,289.2611,1.0022988,,,,,,,,,,,
4/4/2019,4/5/2019,CO2,c,5,10,AAA0,293,40.74,60,,,,289.2611,1.0022988,,,,,,,,,,,
4/4/2019,4/5/2019,CO2,c,5,10,10090,357.5,50.001,123,,,,289.2611,1.0022988,,,,,,,,,,,
4/4/2019,4/5/2019,CO2,c,5,2,4500,145.62,20.007,0,,,,289.2611,1.0022988,,,,,,,,,,,
4/4/2019,4/5/2019,CO2,c,5,2,2400,390.87,54.842,60,,,,289.2611,1.0022988,,,,,,,,,,,
4/4/2019,4/5/2019,CO2,c,5,2,1300,454.62,64.189,120,,,,289.2611,1.0022988,,,,,,,,,,,
4/4/2019,4/5/2019,CO2,c,5,7,2200,147.25,20.232,0,,,,289.2611,1.0022988,,,,,,,,,,,
4/4/2019,4/5/2019,CO2,c,5,7,100100,265,36.756,57,,,,289.2611,1.0022988,,,,,,,,,,,
4/4/2019,4/5/2019,CO2,c,5,7,150,349.12,48.788,117,,,,289.2611,1.0022988,,,,,,,,,,,
4/4/2019,4/5/2019,CO2,c,5,3,<300,144.62,19.867,0,,,,289.2611,1.0022988,,,,,,,,,,,
4/4/2019,4/5/2019,CO2,c,5,3,3100,275.5,38.25,60,,,,289.2611,1.0022988,,,,,,,,,,,
4/4/2019,4/5/2019,CO2,c,5,3,1100,308.62,42.97,120,,,,289.2611,1.0022988,,,,,,,,,,,
4/4/2019,4/5/2019,CO2,c,5,4,3900,147,20.199,0,,,,289.2611,1.0022988,,,,,,,,,,,
4/4/2019,4/5/2019,CO2,c,5,4,EEE00,281.37,39.08,60,,,,289.2611,1.0022988,,,,,,,,,,,
4/4/2019,4/5/2019,CO2,c,5,4,YO,329,45.893,120,,,,289.2611,1.0022988,,,,,,,,,,,
4/4/2019,4/5/2019,CO2,t,5,1,400,144.12,19.798,0,,,,289.2611,1.0022988,,,,,,,,,,,
4/4/2019,4/5/2019,CO2,t,5,1,,,,64,,,,289.2611,1.0022988,,,,,,,,,,,
4/4/2019,4/5/2019,CO2,t,5,1,Gioo,308.37,42.932,122,,,,289.2611,1.0022988,,,,,,,,,,,
4/4/2019,4/5/2019,CO2,t,5,8,200,139.75,19.193,0,,,,289.2611,1.0022988,,,,,,,,,,,
4/4/2019,4/5/2019,CO2,t,5,8,star!0,319.62,44.548,55,,,,289.2611,1.0022988,,,,,,,,,,,
4/4/2019,4/5/2019,CO2,t,5,8,260,344.62,48.139,111,,,,289.2611,1.0022988,,,,,,,,,,,
4/4/2019,4/5/2019,CO2,t,5,6,Heart0,150.25,20.648,0,,,,289.2611,1.0022988,,,,,,,,,,,
4/4/2019,4/5/2019,CO2,t,5,6,,,,56,,,,289.2611,1.0022988,,,,,,,,,,,
4/4/2019,4/5/2019,CO2,t,5,6,3700,218.87,30.243,111,,,,289.2611,1.0022988,,,,,,,,,,,
4/4/2019,4/5/2019,CO2,t,5,9,Dioo,133.37,18.307,0,,,,289.2611,1.0022988,,,,,,,,,,,
4/4/2019,4/5/2019,CO2,t,5,9,Jioo,193.5,26.682,54,,,,289.2611,1.0022988,,,,,,,,,,,
4/4/2019,4/5/2019,CO2,t,5,9,BBB0,241.25,33.397,110,,,,289.2611,1.0022988,,,,,,,,,,,
4/4/2019,4/5/2019,CO2,t,4,2,Bioo,147.12,20.215,0,,,,289.2611,1.0022988,,,,,,,,,,,
4/4/2019,4/5/2019,CO2,t,4,2,3500,238.12,32.953,61,,,,289.2611,1.0022988,,,,,,,,,,,
4/4/2019,4/5/2019,CO2,t,4,2,3200,289.62,40.26,120,,,,289.2611,1.0022988,,,,,,,,,,,
4/4/2019,4/5/2019,CO2,t,4,7,1700,164,22.564,0,,,,289.2611,1.0022988,,,,,,,,,,,
4/4/2019,4/5/2019,CO2,t,4,7,5000,317.25,44.206,50,,,,289.2611,1.0022988,,,,,,,,,,,
4/4/2019,4/5/2019,CO2,t,4,7,,,,113,,,,289.2611,1.0022988,,,,,,,,,,,
4/4/2019,4/5/2019,CO2,t,4,3,4000,136.12,18.687,0,,,,289.2611,1.0022988,,,,,,,,,,,
4/4/2019,4/5/2019,CO2,t,4,3,1200,336.87,47.026,58,,,,289.2611,1.0022988,,,,,,,,,,,
4/4/2019,4/5/2019,CO2,t,4,3,AiOO,457.5,64.611,118,,,,289.2611,1.0022988,,,,,,,,,,,
4/4/2019,4/5/2019,CO2,t,4,4,101000,136,18.671,0,,,,289.2611,1.0022988,,,,,,,,,,,
4/4/2019,4/5/2019,CO2,t,4,4,XiOO,250.37,34.683,58,,,,289.2611,1.0022988,,,,,,,,,,,
4/4/2019,4/5/2019,CO2,t,4,4,100,306.75,42.705,118,,,,289.2611,1.0022988,,,,,,,,,,,
4/4/2019,4/5/2019,CO2,c,4,,"CO2,0",856.62,126.75,,,,,289.2611,1.0022988,,,,,,,,,,,
4/4/2019,4/5/2019,CO2,c,4,,"CO2,1",873.75,129.75,,,,,289.2611,1.0022988,,,,,,,,,,,
4/4/2019,4/5/2019,CO2,c,4,,"CO2,2 (700)",861,127.46,,,,,289.2611,1.0022988,,,,,,,,,,,
4/4/2019,4/5/2019,CO2,c,4,1,CiOO,145.62,20.001,0,,,,289.2611,1.0022988,,,,,,,,,,,
4/4/2019,4/5/2019,CO2,c,4,,,,,65,,,,289.2611,1.0022988,,,,,,,,,,,
4/4/2019,4/5/2019,CO2,c,4,1,1400,258.87,35.88,119,,,,289.2611,1.0022988,,,,,,,,,,,
4/4/2019,4/5/2019,CO2,c,4,8,2900,132,19.498,0,,,,289.2611,1.0022988,,,,,,,,,,,
4/4/2019,4/5/2019,CO2,c,4,8,2500,303.12,42.174,57,,,,289.2611,1.0022988,,,,,,,,,,,
4/4/2019,4/5/2019,CO2,c,4,8,3400,403.75,56.708,61,,,,289.2611,1.0022988,,,,,,,,,,,
4/4/2019,4/5/2019,CO2,c,4,6,DDD0,136.5,18.735,0,,,,289.2611,1.0022988,,,,,,,,,,,
4/4/2019,4/5/2019,CO2,c,4,6,2100,273.75,37.99,60,,,,289.2611,1.0022988,,,,,,,,,,,
4/4/2019,4/5/2019,CO2,c,4,6,Love,328.12,45.754,118,,,,289.2611,1.0022988,,,,,,,,,,,
4/4/2019,4/5/2019,CO2,c,4,9,Tioo,141.87,19.481,0,,,,289.2611,1.0022988,,,,,,,,,,,
4/4/2019,4/5/2019,CO2,c,4,9,Mooo,254.25,35.224,60,,,,289.2611,1.0022988,,,,,,,,,,,
4/4/2019,4/5/2019,CO2,c,4,9,Dolor,321.75,44.841,118,,,,289.2611,1.0022988,,,,,,,,,,,
4/18/2019,4/19/2019,CO2,t,6,8,24000,159.75,22.03,0,,,,302.038889,1.00296721,,,,,,,,,,,
4/18/2019,4/19/2019,CO2,t,6,8,1001000,250,34.725,61,,,,302.038889,1.00296721,,,,,,,,,,,
4/18/2019,4/19/2019,CO2,t,6,8,33000,249.75,34.69,128,,,,302.038889,1.00296721,,,,,,,,,,,
4/18/2019,4/19/2019,CO2,t,6,6,39000,179,24.722,0,,,,302.038889,1.00296721,,,,,,,,,,,
4/18/2019,4/19/2019,CO2,t,6,6,1500,273.75,38.102,57,,,,302.038889,1.00296721,,,,,,,,,,,
4/18/2019,4/19/2019,CO2,t,6,6,"heart,000",314,43.859,120,,,,302.038889,1.00296721,,,,,,,,,,,
4/18/2019,4/19/2019,CO2,t,6,7,11000,134.75,18.547,0,,,,302.038889,1.00296721,,,,,,,,,,,
4/18/2019,4/19/2019,CO2,t,6,7,13000,279.25,38.885,57,,,,302.038889,1.00296721,,,,,,,,,,,
4/18/2019,4/19/2019,CO2,t,6,7,45000,310.5,43.356,122,,,,302.038889,1.00296721,,,,,,,,,,,
4/18/2019,4/19/2019,CO2,t,6,1,"sun,000",153.37,21.14,0,,,,302.038889,1.00296721,,,,,,,,,,,
4/18/2019,4/19/2019,CO2,t,6,1,AAA00,378.62,53.205,65,,,,302.038889,1.00296721,,,,,,,,,,,
4/18/2019,4/19/2019,CO2,t,6,1,EEE00,499.62,71.067,128,,,,302.038889,1.00296721,,,,,,,,,,,
4/18/2019,4/19/2019,CO2,t,6,4,YOO,162.37,22.396,0,,,,302.038889,1.00296721,,,,,,,,,,,
4/18/2019,4/19/2019,CO2,t,6,4,10090,284.87,39.686,55,,,,302.038889,1.00296721,,,,,,,,,,,
4/18/2019,4/19/2019,CO2,t,6,4,22000,308.87,43.121,115,,,,302.038889,1.00296721,,,,,,,,,,,
4/18/2019,4/19/2019,CO2,c,3,1,P7,134.62,18.528,0,,,,302.038889,1.00296721,,,,,,,,,,,
4/18/2019,4/19/2019,CO2,c,3,1,P4,168.87,23.3,64,,,,302.038889,1.00296721,,,,,,,,,,,
4/18/2019,4/19/2019,CO2,c,3,1,P3,165.25,22.795,125,,,,302.038889,1.00296721,,,,,,,,,,,
4/18/2019,4/19/2019,CO2,c,3,4,P11,133.75,18.405,0,,,,302.038889,1.00296721,,,,,,,,,,,
4/18/2019,4/19/2019,CO2,c,3,4,SPR,158.37,21.834,62,,,,302.038889,1.00296721,,,,,,,,,,,
4/18/2019,4/19/2019,CO2,c,3,4,VEE,140,19.274,122,,,,302.038889,1.00296721,,,,,,,,,,,
4/18/2019,4/19/2019,CO2,c,3,8,47000,125.62,17.276,0,,,,302.038889,1.00296721,,,,,,,,,,,
4/18/2019,4/19/2019,CO2,c,3,8,P8,126.37,17.38,57,,,,302.038889,1.00296721,,,,,,,,,,,
4/18/2019,4/19/2019,CO2,c,3,8,P5,119,16.357,120,,,,302.038889,1.00296721,,,,,,,,,,,
4/18/2019,4/19/2019,CO2,c,3,6,p6,135.12,18.595,0,,,,302.038889,1.00296721,,,,,,,,,,,
4/18/2019,4/19/2019,CO2,c,3,6,p2,136,18.716,58,,,,302.038889,1.00296721,,,,,,,,,,,
4/18/2019,4/19/2019,CO2,c,3,6,400001,142.87,19.673,118,,,,302.038889,1.00296721,,,,,,,,,,,
4/18/2019,4/19/2019,CO2,c,3,7,P1,127.37,17.519,0,,,,302.038889,1.00296721,,,,,,,,,,,
4/18/2019,4/19/2019,CO2,c,3,7,P12,136.5,18.785,56,,,,302.038889,1.00296721,,,,,,,,,,,
4/18/2019,4/19/2019,CO2,c,3,7,hola,147.75,20.35,117,,,,302.038889,1.00296721,,,,,,,,,,,
4/18/2019,4/19/2019,CO2,c,6,10,L1,145.75,20.07,0,,,,302.038889,1.00296721,,,,,,,,,,,
4/18/2019,4/19/2019,CO2,c,6,10,17000,250,34.711,60,,,,302.038889,1.00296721,,,,,,,,,,,
4/18/2019,4/19/2019,CO2,c,6,10,Xi000,268.12,37.281,118,,,,302.038889,1.00296721,,,,,,,,,,,
4/18/2019,4/19/2019,CO2,c,6,9,!,141.87,19.529,0,,,,302.038889,1.00296721,,,,,,,,,,,
4/18/2019,4/19/2019,CO2,c,6,9,32000,217,30.043,60,,,,302.038889,1.00296721,,,,,,,,,,,
4/18/2019,4/19/2019,CO2,c,6,9,35000,237.25,32.902,116,,,,302.038889,1.00296721,,,,,,,,,,,
4/18/2019,4/19/2019,CO2,c,6,2,1000,154.12,21.234,0,,,,302.038889,1.00296721,,,,,,,,,,,
4/18/2019,4/19/2019,CO2,c,6,2,L3,344,48.155,60,,,,302.038889,1.00296721,,,,,,,,,,,
4/18/2019,4/19/2019,CO2,c,6,2,Bioo,444.5,62.844,114,,,,302.038889,1.00296721,,,,,,,,,,,
4/18/2019,4/19/2019,CO2,c,6,3,12000,133.87,18.419,0,,,,302.038889,1.00296721,,,,,,,,,,,
4/18/2019,4/19/2019,CO2,c,6,3,Aioo,211.62,29.29,58,,,,302.038889,1.00296721,,,,,,,,,,,
4/18/2019,4/19/2019,CO2,c,6,3,40000,214.87,29.744,118,,,,302.038889,1.00296721,,,,,,,,,,,
4/18/2019,4/19/2019,CO2,t,3,10,43000,142.87,19.67,0,,,,302.038889,1.00296721,,,,,,,,,,,
4/18/2019,4/19/2019,CO2,t,3,10,"heart,00",233.62,32.393,66,,,,302.038889,1.00296721,,,,,,,,,,,
4/18/2019,4/19/2019,CO2,t,3,10,Co2,225.62,31.263,129,,,,302.038889,1.00296721,,,,,,,,,,,
4/18/2019,4/19/2019,CO2,t,3,9,808,141.25,19.443,0,,,,302.038889,1.00296721,,,,,,,,,,,
4/18/2019,4/19/2019,CO2,t,3,9,2000,197.87,27.356,56,,,,302.038889,1.00296721,,,,,,,,,,,
4/18/2019,4/19/2019,CO2,t,3,9,"star,!,00",250,34.709,118,,,,302.038889,1.00296721,,,,,,,,,,,
4/18/2019,4/19/2019,CO2,t,3,2,Ji000,138.37,19.042,0,,,,302.038889,1.00296721,,,,,,,,,,,
4/18/2019,4/19/2019,CO2,t,3,2,Giooo,158.87,21.896,54,,,,302.038889,1.00296721,,,,,,,,,,,
4/18/2019,4/19/2019,CO2,t,3,2,"star,000",172.87,23.851,114,,,,302.038889,1.00296721,,,,,,,,,,,
4/18/2019,4/19/2019,CO2,t,3,3,BBB0,132.62,18.241,0,,,,302.038889,1.00296721,,,,,,,,,,,
4/18/2019,4/19/2019,CO2,t,3,3,37000,179,24.706,56,,,,302.038889,1.00296721,,,,,,,,,,,
4/18/2019,4/19/2019,CO2,t,3,3,XXXX0,188,25.964,114,,,,302.038889,1.00296721,,,,,,,,,,,
4/23/2019,4/25/2019,CO2,c,2,6,Oj,138.12,19.009,0,,,,304.26111,0.9996251,,,,,,,,,,,
4/23/2019,4/25/2019,CO2,c,2,6,OA,216.25,29.942,70,,,,304.26111,0.9996251,,,,,,,,,,,
4/23/2019,4/25/2019,CO2,c,2,6,OB,243.12,33.736,130,,,,304.26111,0.9996251,,,,,,,,,,,
4/23/2019,4/25/2019,CO2,c,2,7,OK,142.62,19.635,0,,,,304.26111,0.9996251,,,,,,,,,,,
4/23/2019,4/25/2019,CO2,c,2,7,OH,245.62,34.09,69,,,,304.26111,0.9996251,,,,,,,,,,,
4/23/2019,4/25/2019,CO2,c,2,7,OE,330.62,46.23,128,,,,304.26111,0.9996251,,,,,,,,,,,
4/23/2019,4/25/2019,CO2,c,2,8,ON,142.5,19.616,0,,,,304.26111,0.9996251,,,,,,,,,,,
4/23/2019,4/25/2019,CO2,c,2,8,OO,203.12,28.091,61,,,,304.26111,0.9996251,,,,,,,,,,,
4/23/2019,4/25/2019,CO2,c,2,8,OD,207.62,28.72,121,,,,304.26111,0.9996251,,,,,,,,,,,
4/23/2019,4/25/2019,CO2,c,2,4,OM,133.37,18.345,0,,,,304.26111,0.9996251,,,,,,,,,,,
4/23/2019,4/25/2019,CO2,c,2,4,OF,141,24.984,57,,,,304.26111,0.9996251,,,,,,,,,,,
4/23/2019,4/25/2019,CO2,c,2,4,,,,118,,,,304.26111,0.9996251,,,,,,,,,,,
4/23/2019,4/25/2019,CO2,c,2,1,OC,135,18.639,0,,,,304.26111,0.9996251,,,,,,,,,,,
4/23/2019,4/25/2019,CO2,c,2,1,OL,185.125,25.578,59,,,,304.26111,0.9996251,,,,,,,,,,,
4/23/2019,4/25/2019,CO2,c,2,1,OG,195.25,26.979,119,,,,304.26111,0.9996251,,,,,,,,,,,
4/23/2019,4/25/2019,CO2,t,1,6,IV,147,20.237,0,,,,304.26111,0.9996251,,,,,,,,,,,
4/23/2019,4/25/2019,CO2,t,1,6,ABB,186.75,25.785,72,,,,304.26111,0.9996251,,,,,,,,,,,
4/23/2019,4/25/2019,CO2,t,1,6,1Y,198.12,27.379,130,,,,304.26111,0.9996251,,,,,,,,,,,
4/23/2019,4/25/2019,CO2,t,1,7,2E,132.25,18.184,0,,,,304.26111,0.9996251,,,,,,,,,,,
4/23/2019,4/25/2019,CO2,t,1,7,PSI,269.12,37.41,65,,,,304.26111,0.9996251,,,,,,,,,,,
4/23/2019,4/25/2019,CO2,t,1,7,2F,217.87,30.155,123,,,,304.26111,0.9996251,,,,,,,,,,,
4/23/2019,4/25/2019,CO2,t,1,8,ABC,174,23.998,0,,,,304.26111,0.9996251,,,,,,,,,,,
4/23/2019,4/25/2019,CO2,t,1,8,M1,226.87,31.423,60,,,,304.26111,0.9996251,,,,,,,,,,,
4/23/2019,4/25/2019,CO2,t,1,8,ACD,162.62,22.41,120,,,,304.26111,0.9996251,,,,,,,,,,,
4/23/2019,4/25/2019,CO2,t,1,4,2D,196.75,27.184,0,,,,304.26111,0.9996251,,,,,,,,,,,
4/23/2019,4/25/2019,CO2,t,1,4,X1,226.37,31.353,59,,,,304.26111,0.9996251,,,,,,,,,,,
4/23/2019,4/25/2019,CO2,t,1,4,2C,193.62,26.746,120,,,,304.26111,0.9996251,,,,,,,,,,,
4/23/2019,4/25/2019,CO2,t,1,1,2A,128.62,17.68,0,,,,304.26111,0.9996251,,,,,,,,,,,
4/23/2019,4/25/2019,CO2,t,1,1,2B,229.87,31.846,59,,,,304.26111,0.9996251,,,,,,,,,,,
4/23/2019,4/25/2019,CO2,t,1,1,21,188.25,25.992,120,,,,304.26111,0.9996251,,,,,,,,,,,
4/23/2019,4/25/2019,CO2,t,2,5,OY,133.25,18.322,0,,,,304.26111,0.9996251,,,,,,,,,,,
4/23/2019,4/25/2019,CO2,t,2,5,OX,327.75,45.791,69,,,,304.26111,0.9996251,,,,,,,,,,,
4/23/2019,4/25/2019,CO2,t,2,5,OP,149.87,20.631,126,,,,304.26111,0.9996251,,,,,,,,,,,
4/23/2019,4/25/2019,CO2,t,2,10,1B,186.75,25.78,0,,,,304.26111,0.9996251,,,,,,,,,,,
4/23/2019,4/25/2019,CO2,t,2,10,,,,66,,,,304.26111,0.9996251,,,,,,,,,,,
4/23/2019,4/25/2019,CO2,t,2,10,1A,252.75,35.078,123,,,,304.26111,0.9996251,,,,,,,,,,,
4/23/2019,4/25/2019,CO2,t,2,9,OW,251.12,34.848,0,,,,304.26111,0.9996251,,,,,,,,,,,
4/23/2019,4/25/2019,CO2,t,2,9,OV,188.87,26.078,64,,,,304.26111,0.9996251,,,,,,,,,,,
4/23/2019,4/25/2019,CO2,t,2,9,OQ,162.5,22.391,122,,,,304.26111,0.9996251,,,,,,,,,,,
4/23/2019,4/25/2019,CO2,t,2,3,OZ,140.25,19.294,0,,,,304.26111,0.9996251,,,,,,,,,,,
4/23/2019,4/25/2019,CO2,t,2,3,1D,152.37,20.979,59,,,,304.26111,0.9996251,,,,,,,,,,,
4/23/2019,4/25/2019,CO2,t,2,3,1L,147.5,20.303,116,,,,304.26111,0.9996251,,,,,,,,,,,
4/23/2019,4/25/2019,CO2,t,2,2,OT,158.5,21.834,0,,,,304.26111,0.9996251,,,,,,,,,,,
4/23/2019,4/25/2019,CO2,t,2,2,OR,146.87,20.215,58,,,,304.26111,0.9996251,,,,,,,,,,,
4/23/2019,4/25/2019,CO2,t,2,2,OS,155.25,21.381,114,,,,304.26111,0.9996251,,,,,,,,,,,
5/7/2019,5/10/2019,CO2,c,1,8,2C,148.25,20.4,0,,,,294.2611,1.002299,,,,,,,,,,,
5/7/2019,5/10/2019,CO2,c,1,8,OQ,197.37,27.263,71,,,,294.2611,1.002299,,,,,,,,,,,
5/7/2019,5/10/2019,CO2,c,1,8,1A,175.37,24.183,136,,,,294.2611,1.002299,,,,,,,,,,,
5/7/2019,5/10/2019,CO2,c,1,7,OM,131.87,18.125,0,,,,294.2611,1.002299,,,,,,,,,,,
5/7/2019,5/10/2019,CO2,c,1,7,2D,148.87,20.488,65,,,,294.2611,1.002299,,,,,,,,,,,
5/7/2019,5/10/2019,CO2,c,1,7,OI,137.12,18.855,120,,,,294.2611,1.002299,,,,,,,,,,,
5/7/2019,5/10/2019,CO2,c,1,5,OA,122.25,16.791,0,,,,294.2611,1.002299,,,,,,,,,,,
5/7/2019,5/10/2019,CO2,c,1,5,OB,168.87,23.276,63,,,,294.2611,1.002299,,,,,,,,,,,
5/7/2019,5/10/2019,CO2,c,1,5,OC,163.75,22.561,117,,,,294.2611,1.002299,,,,,,,,,,,
5/7/2019,5/10/2019,CO2,c,1,10,2B,129,17.727,0,,,,294.2611,1.002299,,,,,,,,,,,
5/7/2019,5/10/2019,CO2,c,1,10,ON,149,20.506,60,,,,294.2611,1.002299,,,,,,,,,,,
5/7/2019,5/10/2019,CO2,c,1,10,1C,135,18.56,115,,,,294.2611,1.002299,,,,,,,,,,,
5/7/2019,5/10/2019,CO2,c,1,6,M1,121.5,16.688,0,,,,294.2611,1.002299,,,,,,,,,,,
5/7/2019,5/10/2019,CO2,c,1,6,OJ,136,18.7,59,,,,294.2611,1.002299,,,,,,,,,,,
5/7/2019,5/10/2019,CO2,c,1,6,OR,131.37,18.058,124,,,,294.2611,1.002299,,,,,,,,,,,
5/8/2019,5/10/2019,CO2,c,4,6,2400,137.5,18.908,0,,,,293.15,0.9996251,,,,,,,,,,,
5/8/2019,5/10/2019,CO2,c,4,6,P5,144.12,19.827,63,,,,293.15,0.9996251,,,,,,,,,,,
5/8/2019,5/10/2019,CO2,c,4,6,47000,128.12,17.607,126,,,,293.15,0.9996251,,,,,,,,,,,
5/8/2019,5/10/2019,CO2,c,4,1,1300,129.75,17.832,0,,,,293.15,0.9996251,,,,,,,,,,,
5/8/2019,5/10/2019,CO2,c,4,1,P6,127.37,17.503,57,,,,293.15,0.9996251,,,,,,,,,,,
5/8/2019,5/10/2019,CO2,c,4,1,Y00,119.87,16.463,122,,,,293.15,0.9996251,,,,,,,,,,,
5/8/2019,5/10/2019,CO2,c,4,2,P12,128.75,17.693,0,,,,293.15,0.9996251,,,,,,,,,,,
5/8/2019,5/10/2019,CO2,c,4,2,33000,158.62,21.848,56,,,,293.15,0.9996251,,,,,,,,,,,
5/8/2019,5/10/2019,CO2,c,4,2,P7,149,20.506,120,,,,293.15,0.9996251,,,,,,,,,,,
5/8/2019,5/10/2019,CO2,c,4,3,CO2.1,133.62,18.369,0,,,,293.15,0.9996251,,,,,,,,,,,
5/8/2019,5/10/2019,CO2,c,4,3,11000,127.62,17.536,53,,,,293.15,0.9996251,,,,,,,,,,,
5/8/2019,5/10/2019,CO2,c,4,3,heart000,125.87,17.294,116,,,,293.15,0.9996251,,,,,,,,,,,
5/8/2019,5/10/2019,CO2,c,4,9,P4,131.87,18.126,0,,,,293.15,0.9996251,,,,,,,,,,,
5/8/2019,5/10/2019,CO2,c,4,9,22000,125.75,17.277,55,,,,293.15,0.9996251,,,,,,,,,,,
5/8/2019,5/10/2019,CO2,c,4,9,P3,115,15.787,116,,,,293.15,0.9996251,,,,,,,,,,,
5/8/2019,5/10/2019,CO2,c,alt,4,45000,129,17.727,0,,,,293.15,0.9996251,,,,,,,,,,,
5/8/2019,5/10/2019,CO2,c,alt,4,P11,117,16.065,65,,,,293.15,0.9996251,,,,,,,,,,,
5/8/2019,5/10/2019,CO2,c,alt,4,P8,115.12,15.805,127,,,,293.15,0.9996251,,,,,,,,,,,
5/8/2019,5/10/2019,CO2,c,alt,8,"sun,000",125.25,17.207,0,,,,293.15,0.9996251,,,,,,,,,,,
5/8/2019,5/10/2019,CO2,c,alt,8,1001000,130.37,17.919,65,,,,293.15,0.9996251,,,,,,,,,,,
5/8/2019,5/10/2019,CO2,c,alt,8,P1,134.5,18.491,129,,,,293.15,0.9996251,,,,,,,,,,,
5/8/2019,5/10/2019,CO2,c,alt,7,39000,127.12,17.467,0,,,,293.15,0.9996251,,,,,,,,,,,
5/8/2019,5/10/2019,CO2,c,alt,7,1M,130.37,17.917,62,,,,293.15,0.9996251,,,,,,,,,,,
5/8/2019,5/10/2019,CO2,c,alt,7,P2,126.25,17.345,126,,,,293.15,0.9996251,,,,,,,,,,,
5/8/2019,5/10/2019,CO2,c,alt,5,400001,118.37,16.254,0,,,,293.15,0.9996251,,,,,,,,,,,
5/8/2019,5/10/2019,CO2,c,alt,5,1J,114.37,15.701,58,,,,293.15,0.9996251,,,,,,,,,,,
5/8/2019,5/10/2019,CO2,c,alt,5,PSI,113,15.511,122,,,,293.15,0.9996251,,,,,,,,,,,
5/8/2019,5/10/2019,CO2,t,4,10,1L,136.25,18.734,0,,,,293.15,0.9996251,,,,,,,,,,,
5/8/2019,5/10/2019,CO2,t,4,10,Li,126.62,17.398,67,,,,293.15,0.9996251,,,,,,,,,,,
5/8/2019,5/10/2019,CO2,t,4,10,IR,121,16.619,129,,,,293.15,0.9996251,,,,,,,,,,,
5/8/2019,5/10/2019,CO2,t,4,4,L0,137,18.838,0,,,,293.15,0.9996251,,,,,,,,,,,
5/8/2019,5/10/2019,CO2,t,4,4,OL,128.12,17.608,65,,,,293.15,0.9996251,,,,,,,,,,,
5/8/2019,5/10/2019,CO2,t,4,4,OO,117.37,16.118,126,,,,293.15,0.9996251,,,,,,,,,,,
5/8/2019,5/10/2019,CO2,t,4,8,1g,165.37,22.789,0,,,,293.15,0.9996251,,,,,,,,,,,
5/8/2019,5/10/2019,CO2,t,4,8,OD,130,17.868,63,,,,293.15,0.9996251,,,,,,,,,,,
5/8/2019,5/10/2019,CO2,t,4,8,OG,116.12,15.945,124,,,,293.15,0.9996251,,,,,,,,,,,
5/8/2019,5/10/2019,CO2,t,4,7,1D,139.5,19.187,0,,,,293.15,0.9996251,,,,,,,,,,,
5/8/2019,5/10/2019,CO2,t,4,7,1O,135,18.562,64,,,,293.15,0.9996251,,,,,,,,,,,
5/8/2019,5/10/2019,CO2,t,4,7,OK,120.12,16.5,124,,,,293.15,0.9996251,,,,,,,,,,,
5/8/2019,5/10/2019,CO2,t,4,5,OE,141.62,19.484,0,,,,293.15,0.9996251,,,,,,,,,,,
5/8/2019,5/10/2019,CO2,t,4,5,OF,135.25,18.598,53,,,,293.15,0.9996251,,,,,,,,,,,
5/8/2019,5/10/2019,CO2,t,4,5,OS,129.5,17.801,112,,,,293.15,0.9996251,,,,,,,,,,,
5/8/2019,5/10/2019,CO2,t,alt,6,2F,136.62,18.791,0,,,,293.15,0.9996251,,,,,,,,,,,
5/8/2019,5/10/2019,CO2,t,alt,6,ABC,113.5,15.585,68,,,,293.15,0.9996251,,,,,,,,,,,
5/8/2019,5/10/2019,CO2,t,alt,6,2A,131.37,18.063,130,,,,293.15,0.9996251,,,,,,,,,,,
5/8/2019,5/10/2019,CO2,t,alt,1,ACD,119.25,16.381,0,,,,293.15,0.9996251,,,,,,,,,,,
5/8/2019,5/10/2019,CO2,t,alt,1,X1,180,24.841,65,,,,293.15,0.9996251,,,,,,,,,,,
5/8/2019,5/10/2019,CO2,t,alt,1,IQ,206.25,28.512,131,,,,293.15,0.9996251,,,,,,,,,,,
5/8/2019,5/10/2019,CO2,t,alt,3,IV,125.25,17.213,0,,,,293.15,0.9996251,,,,,,,,,,,
5/8/2019,5/10/2019,CO2,t,alt,3,15,149.87,19.383,64,,,,293.15,0.9996251,,,,,,,,,,,
5/8/2019,5/10/2019,CO2,t,alt,3,IE,151.25,20.826,129,,,,293.15,0.9996251,,,,,,,,,,,
5/8/2019,5/10/2019,CO2,t,alt,9,2E,136.87,18.826,0,,,,293.15,0.9996251,,,,,,,,,,,
5/8/2019,5/10/2019,CO2,t,alt,9,IN,139.75,19.225,61,,,,293.15,0.9996251,,,,,,,,,,,
5/8/2019,5/10/2019,CO2,t,alt,9,IP,144.25,19.851,126,,,,293.15,0.9996251,,,,,,,,,,,
5/8/2019,5/10/2019,CO2,t,alt,2,IY,128.87,17.716,0,,,,293.15,0.9996251,,,,,,,,,,,
5/8/2019,5/10/2019,CO2,t,alt,2,21,177.75,24.523,61,,,,293.15,0.9996251,,,,,,,,,,,
5/8/2019,5/10/2019,CO2,t,alt,2,IK,163.37,22.515,125,,,,293.15,0.9996251,,,,,,,,,,,
6/20/2019,6/21/2019,CO2,c,5,6,31000,136.62,18.844,0,,,,,,,,,,,,,,,,
6/20/2019,6/21/2019,CO2,c,5,6,P4,148.75,20.534,60,,,,,,,,,,,,,,,,
6/20/2019,6/21/2019,CO2,c,5,6,21,,,120,,,,,,,,,,,,,,,,
6/20/2019,6/21/2019,CO2,c,5,2,OF,131.37,18.112,0,,,,,,,,,,,,,,,,
6/20/2019,6/21/2019,CO2,c,5,2,C5,,,60,,,,,,,,,,,,,,,,
6/20/2019,6/21/2019,CO2,c,5,2,0D,161.87,22.368,120,,,,,,,,,,,,,,,,
6/20/2019,6/21/2019,CO2,c,5,5,OJ,140.25,19.352,0,,,,,,,,,,,,,,,,
6/20/2019,6/21/2019,CO2,c,5,5,IL,161.25,22.7,60,,,,,,,,,,,,,,,,
6/20/2019,6/21/2019,CO2,c,5,5,1G,166,22.947,120,,,,,,,,,,,,,,,,
6/20/2019,6/21/2019,CO2,c,5,9,LO,140.25,19.348,0,,,,,,,,,,,,,,,,
6/20/2019,6/21/2019,CO2,c,5,9,O5,213.75,29.659,60,,,,,,,,,,,,,,,,
6/20/2019,6/21/2019,CO2,c,5,9,OI,224.62,21.195,120,,,,,,,,,,,,,,,,
6/20/2019,6/21/2019,CO2,c,5,3,1A,132.12,18.217,0,,,,,,,,,,,,,,,,
6/20/2019,6/21/2019,CO2,c,5,3,OC,173.25,23.961,60,,,,,,,,,,,,,,,,
6/20/2019,6/21/2019,CO2,c,5,3,2,,,120,,,,,,,,,,,,,,,,
6/20/2019,6/21/2019,CO2,t,5,10,,,,0,,,,,,,,,,,,,,,,
6/20/2019,6/21/2019,CO2,t,5,10,,,,60,,,,,,,,,,,,,,,,
6/20/2019,6/21/2019,CO2,t,5,10,OE,119.62,16.478,120,,,,,,,,,,,,,,,,
6/20/2019,6/21/2019,CO2,t,5,4,,,,0,,,,,,,,,,,,,,,,
6/20/2019,6/21/2019,CO2,t,5,4,,,,60,,,,,,,,,,,,,,,,
6/20/2019,6/21/2019,CO2,t,5,4,13000,,,120,,,,,,,,,,,,,,,,
6/20/2019,6/21/2019,CO2,t,5,1,,,,0,,,,,,,,,,,,,,,,
6/20/2019,6/21/2019,CO2,t,5,1,,,,60,,,,,,,,,,,,,,,,
6/20/2019,6/21/2019,CO2,t,5,1,OA,181.62,25.134,120,,,,,,,,,,,,,,,,
6/20/2019,6/21/2019,CO2,t,5,7,,,,0,,,,,,,,,,,,,,,,
6/20/2019,6/21/2019,CO2,t,5,7,,,,60,,,,,,,,,,,,,,,,
6/20/2019,6/21/2019,CO2,t,5,7,P7,132.87,18.32,120,,,,,,,,,,,,,,,,
6/20/2019,6/21/2019,CO2,t,5,8,,,,0,,,,,,,,,,,,,,,,
6/20/2019,6/21/2019,CO2,t,5,8,,,,60,,,,,,,,,,,,,,,,
6/20/2019,6/21/2019,CO2,t,5,8,ABC,214.5,29.761,120,,,,,,,,,,,,,,,,
6/20/2019,6/21/2019,CO2,c,alt,9,C5,,,0,,,,,,,,,,,,,,,,
6/20/2019,6/21/2019,CO2,c,alt,9,100600,226.25,31.435,60,,,,,,,,,,,,,,,,
6/20/2019,6/21/2019,CO2,c,alt,9,OP,270.25,37.686,120,,,,,,,,,,,,,,,,
6/20/2019,6/21/2019,CO2,c,alt,2,P6,,,0,,,,,,,,,,,,,,,,
6/20/2019,6/21/2019,CO2,c,alt,2,OV,241.62,33.609,60,,,,,,,,,,,,,,,,
6/20/2019,6/21/2019,CO2,c,alt,2,1Q,285.25,39.823,120,,,,,,,,,,,,,,,,
6/20/2019,6/21/2019,CO2,c,alt,5,D,,,0,,,,,,,,,,,,,,,,
6/20/2019,6/21/2019,CO2,c,alt,5,0G,170,23.507,60,,,,,,,,,,,,,,,,
6/20/2019,6/21/2019,CO2,c,alt,5,2A,189.37,26.224,120,,,,,,,,,,,,,,,,
6/20/2019,6/21/2019,CO2,c,alt,6,Heart000,118.12,16.271,0,,,,,,,,,,,,,,,,
6/20/2019,6/21/2019,CO2,c,alt,6,CCC,,,60,,,,,,,,,,,,,,,,
6/20/2019,6/21/2019,CO2,c,alt,6,PI,198.62,27.533,120,,,,,,,,,,,,,,,,
6/20/2019,6/21/2019,CO2,c,alt,3,1D,120.5,16.603,0,,,,,,,,,,,,,,,,
6/20/2019,6/21/2019,CO2,c,alt,3,IV,174.25,24.105,60,,,,,,,,,,,,,,,,
6/20/2019,6/21/2019,CO2,c,alt,3,AAA000,184.62,25.564,120,,,,,,,,,,,,,,,,
6/20/2019,6/21/2019,CO2,t,alt,7,11000,114.12,15.722,0,,,,,,,,,,,,,,,,
6/20/2019,6/21/2019,CO2,t,alt,7,P12,140.75,19.426,60,,,,,,,,,,,,,,,,
6/20/2019,6/21/2019,CO2,t,alt,7,2B,146,20.154,120,,,,,,,,,,,,,,,,
6/20/2019,6/21/2019,CO2,t,alt,4,1500,121,16.677,0,,,,,,,,,,,,,,,,
6/20/2019,6/21/2019,CO2,t,alt,4,OB,153.25,21.171,60,,,,,,,,,,,,,,,,
6/20/2019,6/21/2019,CO2,t,alt,4,2E,191.12,26.472,120,,,,,,,,,,,,,,,,
6/20/2019,6/21/2019,CO2,t,alt,1,CW,118.25,16.295,0,,,,,,,,,,,,,,,,
6/20/2019,6/21/2019,CO2,t,alt,1,IE,175.62,24.306,60,,,,,,,,,,,,,,,,
6/20/2019,6/21/2019,CO2,t,alt,1,OQ,209.25,29.025,120,,,,,,,,,,,,,,,,
6/20/2019,6/21/2019,CO2,t,alt,10,X1,122.37,16.863,0,,,,,,,,,,,,,,,,
6/20/2019,6/21/2019,CO2,t,alt,10,1B,148.62,20.521,60,,,,,,,,,,,,,,,,
6/20/2019,6/21/2019,CO2,t,alt,10,OM,162.87,22.518,120,,,,,,,,,,,,,,,,
6/20/2019,6/21/2019,CO2,t,alt,8,1Y,116.12,15.999,0,,,,,,,,,,,,,,,,
6/20/2019,6/21/2019,CO2,t,alt,8,Co21,169.87,23.5,60,,,,,,,,,,,,,,,,
6/20/2019,6/21/2019,CO2,t,alt,8,8,,,120,,,,,,,,,,,,,,,,
7/24/2019,7/25/2019,CO2,t,3,5,3900,112,15.443,0,,,,,,,,,,,,,,,,
7/24/2019,7/25/2019,CO2,t,3,5,OX,112.25,15.478,60,,,,,,,,,,,,,,,,
7/24/2019,7/25/2019,CO2,t,3,5,1A,114.62,15.809,120,,,,,,,,,,,,,,,,
7/24/2019,7/25/2019,CO2,t,3,3,O5,113.75,15.687,0,,,,,,,,,,,,,,,,
7/24/2019,7/25/2019,CO2,t,3,3,P5,154.25,21.337,60,,,,,,,,,,,,,,,,
7/24/2019,7/25/2019,CO2,t,3,3,1G,176.12,24.403,120,,,,,,,,,,,,,,,,
7/24/2019,7/25/2019,CO2,t,3,9,OI,111.62,15.393,0,,,,,,,,,,,,,,,,
7/24/2019,7/25/2019,CO2,t,3,9,M1,137.62,19.015,60,,,,,,,,,,,,,,,,
7/24/2019,7/25/2019,CO2,t,3,9,P4,150.37,20.796,120,,,,,,,,,,,,,,,,
7/24/2019,7/25/2019,CO2,t,3,1,HEart000,110.62,15.255,0,,,,,,,,,,,,,,,,
7/24/2019,7/25/2019,CO2,t,3,1,OA,125.62,17.342,60,,,,,,,,,,,,,,,,
7/24/2019,7/25/2019,CO2,t,3,1,OC,126.75,17.5,120,,,,,,,,,,,,,,,,
7/24/2019,7/25/2019,CO2,t,3,8,OD,112,15.448,0,,,,,,,,,,,,,,,,
7/24/2019,7/25/2019,CO2,t,3,8,"CO2,2",186,25.797,60,,,,,,,,,,,,,,,,
7/24/2019,7/25/2019,CO2,t,3,8,IR,198.12,27.505,120,,,,,,,,,,,,,,,,
7/24/2019,7/25/2019,CO2,c,3,6,2B,116.12,16.04,0,,,,,,,,,,,,,,,,
7/24/2019,7/25/2019,CO2,c,3,6,1D,140.56,19.441,61,,,,,,,,,,,,,,,,
7/24/2019,7/25/2019,CO2,c,3,6,IM,163.75,22.694,126,,,,,,,,,,,,,,,,
7/24/2019,7/25/2019,CO2,c,3,10,OJ,114.87,15.865,0,,,,,,,,,,,,,,,,
7/24/2019,7/25/2019,CO2,c,3,10,1Q,124.37,17.189,59,,,,,,,,,,,,,,,,
7/24/2019,7/25/2019,CO2,c,3,10,6001,,,123,,,,,,,,,,,,,,,,
7/24/2019,7/25/2019,CO2,c,3,2,L0,114.87,15.866,0,,,,,,,,,,,,,,,,
7/24/2019,7/25/2019,CO2,c,3,2,P6,108.75,15.185,54,,,,,,,,,,,,,,,,
7/24/2019,7/25/2019,CO2,c,3,2,P7,106.37,14.682,118,,,,,,,,,,,,,,,,
7/24/2019,7/25/2019,CO2,c,3,7,10,112.62,15.549,0,,,,,,,,,,,,,,,,
7/24/2019,7/25/2019,CO2,c,3,7,CO2-1,129.5,17.903,50,,,,,,,,,,,,,,,,
7/24/2019,7/25/2019,CO2,c,3,7,1C,138.12,19.107,114,,,,,,,,,,,,,,,,
7/24/2019,7/25/2019,CO2,c,3,4,P8,108.62,14.993,0,,,,,,,,,,,,,,,,
7/24/2019,7/25/2019,CO2,c,3,4,15000,113.37,15.655,50,,,,,,,,,,,,,,,,
7/24/2019,7/25/2019,CO2,c,3,4,OQ,114.12,15.761,110,,,,,,,,,,,,,,,,
7/24/2019,7/25/2019,CO2,c,6,4,1300,142.56,19.7,0,,,,,,,,,,,,,,,,
7/24/2019,7/25/2019,CO2,c,6,4,OK,239.25,33.328,60,,,,,,,,,,,,,,,,
7/24/2019,7/25/2019,CO2,c,6,4,1B,252.87,35.266,120,,,,,,,,,,,,,,,,
7/24/2019,7/25/2019,CO2,c,6,7,ABC,162.5,22.501,0,,,,,,,,,,,,,,,,
7/24/2019,7/25/2019,CO2,c,6,7,OF,253.5,"35,359",60,,,,,,,,,,,,,,,,
7/24/2019,7/25/2019,CO2,c,6,7,OR,281.75,39.395,120,,,,,,,,,,,,,,,,
7/24/2019,7/25/2019,CO2,c,6,5,YOO,127.75,17.644,0,,,,,,,,,,,,,,,,
7/24/2019,7/25/2019,CO2,c,6,5,4000,166.62,23.081,60,,,,,,,,,,,,,,,,
7/24/2019,7/25/2019,CO2,c,6,5,"C02,1,C5",152.37,21.084,120,,,,,,,,,,,,,,,,
7/24/2019,7/25/2019,CO2,c,6,3,IV,125.87,17.385,0,,,,,,,,,,,,,,,,
7/24/2019,7/25/2019,CO2,c,6,3,31000,136.5,18.867,60,,,,,,,,,,,,,,,,
7/24/2019,7/25/2019,CO2,c,6,3,22000,119.87,16.55,120,,,,,,,,,,,,,,,,
7/24/2019,7/25/2019,CO2,c,6,6,IE,130.75,18.066,0,,,,,,,,,,,,,,,,
7/24/2019,7/25/2019,CO2,c,6,6,PSI,206.5,28.697,60,,,,,,,,,,,,,,,,
7/24/2019,7/25/2019,CO2,c,6,6,P2,186.5,25.878,120,,,,,,,,,,,,,,,,
7/24/2019,7/25/2019,CO2,t,6,9,AAA00,134,18.525,0,,,,,,,,,,,,,,,,
7/24/2019,7/25/2019,CO2,t,6,9,P12,159.37,22.078,69,,,,,,,,,,,,,,,,
7/24/2019,7/25/2019,CO2,t,6,9,R1J,152.87,21.162,125,,,,,,,,,,,,,,,,
7/24/2019,7/25/2019,CO2,t,6,10,L1,139.5,19.291,0,,,,,,,,,,,,,,,,
7/24/2019,7/25/2019,CO2,t,6,10,1Y,,,67,,,,,,,,,,,,,,,,
7/24/2019,7/25/2019,CO2,t,6,10,400001,163.62,22.673,123,,,,,,,,,,,,,,,,
7/24/2019,7/25/2019,CO2,t,6,1,100800,136.62,18.893,0,,,,,,,,,,,,,,,,
7/24/2019,7/25/2019,CO2,t,6,1,1X,,,66,,,,,,,,,,,,,,,,
7/24/2019,7/25/2019,CO2,t,6,1,Sun30,155.12,21.482,121,,,,,,,,,,,,,,,,
7/24/2019,7/25/2019,CO2,t,6,2,11000,134.25,18.56,0,,,,,,,,,,,,,,,,
7/24/2019,7/25/2019,CO2,t,6,2,2E,,,62,,,,,,,,,,,,,,,,
7/24/2019,7/25/2019,CO2,t,6,2,1001000,153.25,21.215,117,,,,,,,,,,,,,,,,
7/24/2019,7/25/2019,CO2,t,6,8,OB*,132.75,18.348,0,,,,,,,,,,,,,,,,
7/24/2019,7/25/2019,CO2,t,6,8,1S,146.5,20.271,57,,,,,,,,,,,,,,,,
7/24/2019,7/25/2019,CO2,t,6,8,45000,127,17.548,112,,,,,,,,,,,,,,,,
9/5/2019,9/6/2019,CO2,t,5,5,2,119,16.412,0,,,,,,,,,,,,,,,,
9/5/2019,9/6/2019,CO2,t,5,5,39000,118.12,16.292,60,,,,,,,,,,,,,,,,
9/5/2019,9/6/2019,CO2,t,5,5,H,111.87,15.423,120,,,,,,,,,,,,,,,,
9/5/2019,9/6/2019,CO2,t,5,6,B,121.75,16.796,0,,,,,,,,,,,,,,,,
9/5/2019,9/6/2019,CO2,t,5,6,E,112.62,15.527,60,,,,,,,,,,,,,,,,
9/5/2019,9/6/2019,CO2,t,5,6,M1,107.512,14.763,120,,,,,,,,,,,,,,,,
9/5/2019,9/6/2019,CO2,t,5,4,ABC,138.87,19.184,0,,,,,,,,,,,,,,,,
9/5/2019,9/6/2019,CO2,t,5,4,F,115.37,15.911,60,,,,,,,,,,,,,,,,
9/5/2019,9/6/2019,CO2,t,5,4,13000,115.25,15.892,120,,,,,,,,,,,,,,,,
9/5/2019,9/6/2019,CO2,t,5,7,D,120.62,16.641,0,,,,,,,,,,,,,,,,
9/5/2019,9/6/2019,CO2,t,5,7,G,121,16.694,60,,,,,,,,,,,,,,,,
9/5/2019,9/6/2019,CO2,t,5,7,N,,,120,,,,,,,,,,,,,,,,
9/5/2019,9/6/2019,CO2,t,5,,,471.62,67.114,,Y,,,,,,,,,,,,,,,
9/5/2019,9/6/2019,CO2,t,4,2,P7,106.12,14.627,0,,,,,,,,,,,,,,,,
9/5/2019,9/6/2019,CO2,t,4,2,10090,108,14.887,60,,,,,,,,,,,,,,,,
9/5/2019,9/6/2019,CO2,t,4,2,3R,111.75,15.408,120,,,,,,,,,,,,,,,,
9/5/2019,9/6/2019,CO2,t,4,3,1Y,110.62,15.252,0,,,,,,,,,,,,,,,,
9/5/2019,9/6/2019,CO2,t,4,3,X1,108.62,14.975,60,,,,,,,,,,,,,,,,
9/5/2019,9/6/2019,CO2,t,4,3,31000,111,15.304,120,,,,,,,,,,,,,,,,
9/5/2019,9/6/2019,CO2,t,4,10,1Q,106.87,14.732,0,,,,,,,,,,,,,,,,
9/5/2019,9/6/2019,CO2,t,4,10,0,113.5,15.652,60,,,,,,,,,,,,,,,,
9/5/2019,9/6/2019,CO2,t,4,10,XYZ,115.12,15.878,120,,,,,,,,,,,,,,,,
9/5/2019,9/6/2019,CO2,t,4,1,1D,105.75,14.576,0,,,,,,,,,,,,,,,,
9/5/2019,9/6/2019,CO2,t,4,1,0,108.5,14.958,60,,,,,,,,,,,,,,,,
9/5/2019,9/6/2019,CO2,t,4,1,0J,114,15.722,120,,,,,,,,,,,,,,,,
9/5/2019,9/6/2019,CO2,c,5,3,heart000,118,16.28,0,,,,,,,,,,,,,,,,
9/5/2019,9/6/2019,CO2,c,5,3,OC,124.75,17.219,60,,,,,,,,,,,,,,,,
9/5/2019,9/6/2019,CO2,c,5,3,O5,117,16.141,120,,,,,,,,,,,,,,,,
9/5/2019,9/6/2019,CO2,c,5,10,1B,125.87,17.376,0,,,,,,,,,,,,,,,,
9/5/2019,9/6/2019,CO2,c,5,10,PSI,205.12,28.488,60,,,,,,,,,,,,,,,,
9/5/2019,9/6/2019,CO2,c,5,10,C,208.87,29.018,120,,,,,,,,,,,,,,,,
9/5/2019,9/6/2019,CO2,c,5,2,IE,111.5,15.377,0,,,,,,,,,,,,,,,,
9/5/2019,9/6/2019,CO2,c,5,2,P2,121.62,16.785,60,,,,,,,,,,,,,,,,
9/5/2019,9/6/2019,CO2,c,5,2,P4,124,17.115,120,,,,,,,,,,,,,,,,
9/5/2019,9/6/2019,CO2,c,5,1,22000,121.75,16.802,0,,,,,,,,,,,,,,,,
9/5/2019,9/6/2019,CO2,c,5,1,IV,145.12,20.0062,60,,,,,,,,,,,,,,,,
9/5/2019,9/6/2019,CO2,c,5,1,24000,152.5,21.094,120,,,,,,,,,,,,,,,,
9/5/2019,9/6/2019,CO2,,,,Site 5 Field QC,459.25,65.286,,Y,,,,,,,,,,,,,,,
,9/6/2019,CO2,,,,Lab QC1,586.75,84.56,,Y,,,,,,,,,,,,,,,
,9/6/2019,CO2,,,,Lab QC2,586.5,84.517,,Y,,,,,,,,,,,,,,,
9/5/2019,9/6/2019,CO2,c,4,7,,107.75,14.855,0,,,,,,,,,,,,,,,,
9/5/2019,9/6/2019,CO2,c,4,7,,106.62,14.699,60,,,,,,,,,,,,,,,,
9/5/2019,9/6/2019,CO2,c,4,7,,112.62,15.53,120,,,,,,,,,,,,,,,,
9/5/2019,9/6/2019,CO2,c,4,6,,108.37,14.942,0,,,,,,,,,,,,,,,,
9/5/2019,9/6/2019,CO2,c,4,6,,110.5,15.237,60,,,,,,,,,,,,,,,,
9/5/2019,9/6/2019,CO2,c,4,6,,113.75,15.689,120,,,,,,,,,,,,,,,,
9/5/2019,9/6/2019,CO2,c,4,4,,105,14.474,0,,,,,,,,,,,,,,,,
9/5/2019,9/6/2019,CO2,c,4,4,,106,14.613,60,,,,,,,,,,,,,,,,
9/5/2019,9/6/2019,CO2,c,4,4,,108.75,14.995,120,,,,,,,,,,,,,,,,
9/5/2019,9/6/2019,CO2,c,4,5,,106.37,14.666,0,,,,,,,,,,,,,,,,
9/5/2019,9/6/2019,CO2,c,4,5,,106.5,14.683,60,,,,,,,,,,,,,,,,
9/5/2019,9/6/2019,CO2,c,4,5,,107.5,14.822,120,,,,,,,,,,,,,,,,
9/5/2019,9/6/2019,CO2,,,,Site 4 Field QC,478.87,68.22,,Y,,,,,,,,,,,,,,,
10/16/2019,10/18/2019,CO2,c,2,4,IE,93.875,12.891,0,,,,,,,,,,,,,,,,
10/16/2019,10/18/2019,CO2,c,2,4,31000,92,12.632,60,,,,,,,,,,,,,,,,
10/16/2019,10/18/2019,CO2,c,2,4,P2,86.375,11.856,124,,,,,,,,,,,,,,,,
10/16/2019,10/18/2019,CO2,c,2,6,1,98.375,13.515,0,,,,,,,,,,,,,,,,
10/16/2019,10/18/2019,CO2,c,2,6,C,97,13.326,53,,,,,,,,,,,,,,,,
10/16/2019,10/18/2019,CO2,c,2,6,J1,96,13.187,113,,,,,,,,,,,,,,,,
10/16/2019,10/18/2019,CO2,c,2,2,1B,95.75,13.154,0,,,,,,,,,,,,,,,,
10/16/2019,10/18/2019,CO2,c,2,2,Yoo,92.875,12.756,54,,,,,,,,,,,,,,,,
10/16/2019,10/18/2019,CO2,c,2,2,P5,86.75,11.91,120,,,,,,,,,,,,,,,,
10/16/2019,10/18/2019,CO2,c,2,7,L0,96.125,13.206,0,,,,,,,,,,,,,,,,
10/16/2019,10/18/2019,CO2,c,2,7,1Q,90,12.359,56,,,,,,,,,,,,,,,,
10/16/2019,10/18/2019,CO2,c,2,7,OOO,88.875,12.204,120,,,,,,,,,,,,,,,,
10/16/2019,10/18/2019,CO2,c,2,5,33000,97.375,13.38,0,,,,,,,,,,,,,,,,
10/16/2019,10/18/2019,CO2,c,2,5,40001,94.125,12.93,55,,,,,,,,,,,,,,,,
10/16/2019,10/18/2019,CO2,c,2,5,OO1,89.875,12.343,120,,,,,,,,,,,,,,,,
10/16/2019,10/18/2019,CO2,t,2,3,X,93.375,12.828,0,,,,,,,,,,,,,,,,
10/16/2019,10/18/2019,CO2,t,2,3,A,90,12.363,65,,,,,,,,,,,,,,,,
10/16/2019,10/18/2019,CO2,t,2,3,PSI,91.75,12.605,130,,,,,,,,,,,,,,,,
10/16/2019,10/18/2019,CO2,t,2,10,50000,95.625,13.142,0,,,,,,,,,,,,,,,,
10/16/2019,10/18/2019,CO2,t,2,10,2D,87.125,11.967,60,,,,,,,,,,,,,,,,
10/16/2019,10/18/2019,CO2,t,2,10,3,85.25,11.708,125,,,,,,,,,,,,,,,,
10/16/2019,10/18/2019,CO2,t,2,8,13000,92.75,12.745,0,,,,,,,,,,,,,,,,
10/16/2019,10/18/2019,CO2,t,2,8,1K,88.25,12.124,60,,,,,,,,,,,,,,,,
10/16/2019,10/18/2019,CO2,t,2,8,E,83.125,11.416,125,,,,,,,,,,,,,,,,
10/16/2019,10/18/2019,CO2,t,2,1,P7,87.625,12.04,0,,,,,,,,,,,,,,,,
10/16/2019,10/18/2019,CO2,t,2,1,11000,83.25,11.438,63,,,,,,,,,,,,,,,,
10/16/2019,10/18/2019,CO2,t,2,1,OY,83.625,11.49,123,,,,,,,,,,,,,,,,
10/16/2019,10/18/2019,CO2,t,2,9,39000,92.625,12.735,0,,,,,,,,,,,,,,,,
10/16/2019,10/18/2019,CO2,t,2,9,G,85.875,11.801,60,,,,,,,,,,,,,,,,
10/16/2019,10/18/2019,CO2,t,2,9,M1,82,11.266,119,,,,,,,,,,,,,,,,
10/23/2019,10/25/2019,CO2,t,1,6,50000,118,16.291,0,,,,,,,,,,,,,,,,
10/23/2019,10/25/2019,CO2,t,1,9,2D,,,0,,,,,,,,,,,,,,,,
10/23/2019,10/25/2019,CO2,t,1,10,10090,117.25,16.189,0,,,,,,,,,,,,,,,,
10/23/2019,10/25/2019,CO2,t,1,1,39000,117.25,16.19,0,,,,,,,,,,,,,,,,
10/23/2019,10/25/2019,CO2,t,1,8,oc,118.37,16.347,0,,,,,,,,,,,,,,,,
10/23/2019,10/25/2019,CO2,t,1,6,xyz,124.25,17.166,72,,,,,,,,,,,,,,,,
10/23/2019,10/25/2019,CO2,t,1,9,yoo,117.87,16.279,70,,,,,,,,,,,,,,,,
10/23/2019,10/25/2019,CO2,t,1,10,lo,119.12,16.454,65,,,,,,,,,,,,,,,,
10/23/2019,10/25/2019,CO2,t,1,1,7,134.12,18.548,58,,,,,,,,,,,,,,,,
10/23/2019,10/25/2019,CO2,t,1,8,1,116.37,16.073,55,,,,,,,,,,,,,,,,
10/23/2019,10/25/2019,CO2,t,1,6,oo1,127.87,17.677,131,,,,,,,,,,,,,,,,
10/23/2019,10/25/2019,CO2,t,1,9,A,117.75,16.262,130,,,,,,,,,,,,,,,,
10/23/2019,10/25/2019,CO2,t,1,10,C,118,16.302,125,,,,,,,,,,,,,,,,
10/23/2019,10/25/2019,CO2,t,1,1,J1,121.75,16.825,119,,,,,,,,,,,,,,,,
10/23/2019,10/25/2019,CO2,t,1,8,1D,114.84,15.858,117,,,,,,,,,,,,,,,,
10/23/2019,10/25/2019,CO2,c,1,3,IE,119.5,16.515,0,,,,,,,,,,,,,,,,
10/23/2019,10/25/2019,CO2,c,1,2,1Q,119.75,16.55,0,,,,,,,,,,,,,,,,
10/23/2019,10/25/2019,CO2,c,1,4,OB,122.12,16.883,0,,,,,,,,,,,,,,,,
10/23/2019,10/25/2019,CO2,c,1,5,PP5,121.5,16.796,0,,,,,,,,,,,,,,,,
10/23/2019,10/25/2019,CO2,c,1,7,OOO,119,16.447,0,,,,,,,,,,,,,,,,
10/23/2019,10/25/2019,CO2,c,1,3,A,124,17.146,70,,,,,,,,,,,,,,,,
10/23/2019,10/25/2019,CO2,c,1,2,1Y,117.5,16.239,68,,,,,,,,,,,,,,,,
10/23/2019,10/25/2019,CO2,c,1,4,M1,125.37,17.339,64,,,,,,,,,,,,,,,,
10/23/2019,10/25/2019,CO2,c,1,5,E,120,16.589,59,,,,,,,,,,,,,,,,
10/23/2019,10/25/2019,CO2,c,1,7,P4,116.02,16.119,57,,,,,,,,,,,,,,,,
10/23/2019,10/25/2019,CO2,c,1,3,G,113.5,15.684,126,,,,,,,,,,,,,,,,
10/23/2019,10/25/2019,CO2,c,1,2,1P,113.87,15.737,126,,,,,,,,,,,,,,,,
10/23/2019,10/25/2019,CO2,c,1,4,PS1,117.62,16.26,123,,,,,,,,,,,,,,,,
10/23/2019,10/25/2019,CO2,c,1,5,13000,116.87,16.157,118,,,,,,,,,,,,,,,,
10/23/2019,10/25/2019,CO2,c,1,7,3,111.87,15.461,117,,,,,,,,,,,,,,,,
12/5/2019,12/6/2019,CO2,c,1,,Field QC 2500,555.37,79.34,,,,,,,,,,,,,,,,,
12/5/2019,12/6/2019,CO2,c,1,1,OY,139.75,19.2,0,,,,,,,,,,,,,,,,
12/5/2019,12/6/2019,CO2,c,1,1,33000,164.37,22.627,60,,,,,,,,,,,,,,,,
12/5/2019,12/6/2019,CO2,c,1,1,BIRD,150.37,20.677,120,,,,,,,,,,,,,,,,
12/5/2019,12/6/2019,CO2,c,1,8,1,142.37,19.562,0,,,,,,,,,,,,,,,,
12/5/2019,12/6/2019,CO2,c,1,8,1N,164.37,22.624,61,,,,,,,,,,,,,,,,
12/5/2019,12/6/2019,CO2,c,1,8,Li,200.5,27.674,122,,,,,,,,,,,,,,,,
12/5/2019,12/6/2019,CO2,c,1,9,OC,139.87,19.221,0,,,,,,,,,,,,,,,,
12/5/2019,12/6/2019,CO2,c,1,9,CO2,214.5,29.648,60,,,,,,,,,,,,,,,,
12/5/2019,12/6/2019,CO2,c,1,9,B,221,30.563,120,,,,,,,,,,,,,,,,
12/5/2019,12/6/2019,CO2,c,1,6,P2,136.5,18.752,0,,,,,,,,,,,,,,,,
12/5/2019,12/6/2019,CO2,c,1,6,31000,221.37,30.613,60,,,,,,,,,,,,,,,,
12/5/2019,12/6/2019,CO2,c,1,6,OL,233.25,32.286,120,,,,,,,,,,,,,,,,
12/5/2019,12/6/2019,CO2,c,1,10,SPR,139.37,19.147,0,,,,,,,,,,,,,,,,
12/5/2019,12/6/2019,CO2,c,1,10,1B,255.75,35.462,60,,,,,,,,,,,,,,,,
12/5/2019,12/6/2019,CO2,c,1,10,13000,297.12,41.348,120,,,,,,,,,,,,,,,,
12/5/2019,12/6/2019,CO2,t,1,7,ACD,132.75,18.241,0,,,,,,,,,,,,,,,,
12/5/2019,12/6/2019,CO2,t,1,7,2,141.12,19.405,57,,,,,,,,,,,,,,,,
12/5/2019,12/6/2019,CO2,t,1,7,IV,155.12,21.353,117,,,,,,,,,,,,,,,,
12/5/2019,12/6/2019,CO2,t,1,5,co21,133.5,18.344,0,,,,,,,,,,,,,,,,
12/5/2019,12/6/2019,CO2,t,1,5,1K,140.12,19.265,59,,,,,,,,,,,,,,,,
12/5/2019,12/6/2019,CO2,t,1,5,21,147.87,20.343,118,,,,,,,,,,,,,,,,
12/5/2019,12/6/2019,CO2,t,1,3,3,142.62,19.611,0,,,,,,,,,,,,,,,,
12/5/2019,12/6/2019,CO2,t,1,3,3R,180.75,24.926,61,,,,,,,,,,,,,,,,
12/5/2019,12/6/2019,CO2,t,1,3,PAZ,222.5,30.786,121,,,,,,,,,,,,,,,,
12/5/2019,12/6/2019,CO2,t,1,4,0,131.75,18.1,0,,,,,,,,,,,,,,,,
12/5/2019,12/6/2019,CO2,t,1,4,1500,153.37,21.106,64,,,,,,,,,,,,,,,,
12/5/2019,12/6/2019,CO2,t,1,4,0,153.25,21.088,122,,,,,,,,,,,,,,,,
12/5/2019,12/6/2019,CO2,t,1,2,P7,132.12,18.148,0,,,,,,,,,,,,,,,,
12/5/2019,12/6/2019,CO2,t,1,2,XYZ,168.25,23.179,66,,,,,,,,,,,,,,,,
12/5/2019,12/6/2019,CO2,t,1,2,40000,182.25,25.132,125,,,,,,,,,,,,,,,,
12/5/2019,12/6/2019,CO2,c,2,,Field QC,534.12,76.276,,Y,,,,,,,,,,,,,,,
,12/6/2019,CO2,,,,Lab QC,260.5,36.217,,Y,,,,,,,,,,,,,,,
,12/6/2019,CO2,,,,Lab QC,252.87,35.136,,Y,,,,,,,,,,,,,,,
12/5/2019,12/6/2019,CO2,c,2,7,7,132,18.168,0,,,,,,,,,,,,,,,,
12/5/2019,12/6/2019,CO2,c,2,7,1D,162.75,22.452,66,,,,,,,,,,,,,,,,
12/5/2019,12/6/2019,CO2,c,2,7,0,174.5,24.095,124,,,,,,,,,,,,,,,,
12/5/2019,12/6/2019,CO2,c,2,5,1,127.12,17.492,0,,,,,,,,,,,,,,,,
12/5/2019,12/6/2019,CO2,c,2,5,P10,156,21.57,65,,,,,,,,,,,,,,,,
12/5/2019,12/6/2019,CO2,c,2,5,10090,175.75,24.272,122,,,,,,,,,,,,,,,,
12/5/2019,12/6/2019,CO2,c,2,3,1Y,139.25,19.179,0,,,,,,,,,,,,,,,,
12/5/2019,12/6/2019,CO2,c,2,3,A,202.87,28.078,64,,,,,,,,,,,,,,,,
12/5/2019,12/6/2019,CO2,c,2,3,P1,214,29.646,119,,,,,,,,,,,,,,,,
12/5/2019,12/6/2019,CO2,c,2,4,0B,135,18.587,0,,,,,,,,,,,,,,,,
12/5/2019,12/6/2019,CO2,c,2,4,L0,144,19.841,64,,,,,,,,,,,,,,,,
12/5/2019,12/6/2019,CO2,c,2,4,IE,141.5,19.493,128,,,,,,,,,,,,,,,,
12/5/2019,12/6/2019,CO2,t,2,6,1Q,137.25,18.899,0,,,,,,,,,,,,,,,,
12/5/2019,12/6/2019,CO2,t,2,6,1P,181,25.006,60,,,,,,,,,,,,,,,,
12/5/2019,12/6/2019,CO2,t,2,6,22000,208.5,28.867,120,,,,,,,,,,,,,,,,
12/5/2019,12/6/2019,CO2,t,2,9,y00,140.25,19.316,0,,,,,,,,,,,,,,,,
12/5/2019,12/6/2019,CO2,t,2,9,p4,237,32.889,60,,,,,,,,,,,,,,,,
12/5/2019,12/6/2019,CO2,t,2,9,xyz,259.75,36.116,120,,,,,,,,,,,,,,,,
12/5/2019,12/6/2019,CO2,t,2,1,AZ,137.5,18.934,0,,,,,,,,,,,,,,,,
12/5/2019,12/6/2019,CO2,t,2,1,P5,188.25,26.021,60,,,,,,,,,,,,,,,,
12/5/2019,12/6/2019,CO2,t,2,1,J1,214.87,29.766,120,,,,,,,,,,,,,,,,
12/5/2019,12/6/2019,CO2,t,2,10,M1,141.62,19.508,0,,,,,,,,,,,,,,,,
12/5/2019,12/6/2019,CO2,t,2,10,E,161.5,22.279,60,,,,,,,,,,,,,,,,
12/5/2019,12/6/2019,CO2,t,2,10,EEE000,160.25,22.103,121,,,,,,,,,,,,,,,,
12/5/2019,12/6/2019,CO2,t,2,8,G,140.75,19.387,0,,,,,,,,,,,,,,,,
12/5/2019,12/6/2019,CO2,t,2,8,C,180.62,24.954,62,,,,,,,,,,,,,,,,
12/5/2019,12/6/2019,CO2,t,2,8,X,181.75,25.111,124,,,,,,,,,,,,,,,,
12/19/2019,12/20/2019,CO2,t,4,,Field QC - 2500,518.12,,,Y,,,,,,,,,,,,,,,
12/19/2019,12/20/2019,CO2,t,4,8,A2,136,,0,,,,,,,,,,,,,,,,
12/19/2019,12/20/2019,CO2,t,4,8,N1,216.75,,65,,,,,,,,,,,,,,,,
12/19/2019,12/20/2019,CO2,t,4,8,Y1,149.87,,126,,,,,,,,,,,,,,,,
12/19/2019,12/20/2019,CO2,t,4,10,E1,140.5,,0,,,,,,,,,,,,,,,,
12/19/2019,12/20/2019,CO2,t,4,10,A3,189,,63,,,,,,,,,,,,,,,,
12/19/2019,12/20/2019,CO2,t,4,10,S1,142.62,,123,,,,,,,,,,,,,,,,
12/19/2019,12/20/2019,CO2,t,4,1,H1,130.25,,0,,,,,,,,,,,,,,,,
12/19/2019,12/20/2019,CO2,t,4,1,L2,185.5,,60,,,,,,,,,,,,,,,,
12/19/2019,12/20/2019,CO2,t,4,1,C2,141.75,,122,,,,,,,,,,,,,,,,
12/19/2019,12/20/2019,CO2,t,4,6,P2,141.37,,0,,,,,,,,,,,,,,,,
12/19/2019,12/20/2019,CO2,t,4,6,Q1,296,,57,,,,,,,,,,,,,,,,
12/19/2019,12/20/2019,CO2,t,4,6,V2,216.37,,119,,,,,,,,,,,,,,,,
12/19/2019,12/20/2019,CO2,t,4,9,Z2,129.87,,0,,,,,,,,,,,,,,,,
12/19/2019,12/20/2019,CO2,t,4,9,O1,168.75,,53,,,,,,,,,,,,,,,,
12/19/2019,12/20/2019,CO2,t,4,9,G3,123.37,,116,,,,,,,,,,,,,,,,
12/19/2019,12/20/2019,CO2,c,4,2,F1,124.12,,0,,,,,,,,,,,,,,,,
12/19/2019,12/20/2019,CO2,c,4,2,R2,155.5,,60,,,,,,,,,,,,,,,,
12/19/2019,12/20/2019,CO2,c,4,2,G1,155.5,,120,,,,,,,,,,,,,,,,
12/19/2019,12/20/2019,CO2,c,4,7,W2,135.5,,0,,,,,,,,,,,,,,,,
12/19/2019,12/20/2019,CO2,c,4,7,D1,134,,60,,,,,,,,,,,,,,,,
12/19/2019,12/20/2019,CO2,c,4,7,B1,194.75,,120,,,,,,,,,,,,,,,,
12/19/2019,12/20/2019,CO2,c,4,5,C1,126.75,,0,,,,,,,,,,,,,,,,
12/19/2019,12/20/2019,CO2,c,4,5,F2,156.75,,60,,,,,,,,,,,,,,,,
12/19/2019,12/20/2019,CO2,c,4,5,D2,189.62,,120,,,,,,,,,,,,,,,,
12/19/2019,12/20/2019,CO2,c,4,3,Z1,131,,0,,,,,,,,,,,,,,,,
12/19/2019,12/20/2019,CO2,c,4,3,J2,232.5,,60,,,,,,,,,,,,,,,,
12/19/2019,12/20/2019,CO2,c,4,3,V1,246.12,,120,,,,,,,,,,,,,,,,
12/19/2019,12/20/2019,CO2,c,4,4,M2,130.12,,0,,,,,,,,,,,,,,,,
12/19/2019,12/20/2019,CO2,c,4,4,Q2,222.5,,60,,,,,,,,,,,,,,,,
12/19/2019,12/20/2019,CO2,c,3,4,Y2,143.12,,0,,,,,,,,,,,,,,,,
12/19/2019,12/20/2019,CO2,t,3,4,I2,364,,61,,,,,,,,,,,,,,,,
12/19/2019,12/20/2019,CO2,t,3,4,X1,460.62,,120,,,,,,,,,,,,,,,,
12/19/2019,12/20/2019,CO2,t,3,2,F3,127.5,,0,,,,,,,,,,,,,,,,
12/19/2019,12/20/2019,CO2,t,3,2,P1,337,,60,,,,,,,,,,,,,,,,
12/19/2019,12/20/2019,CO2,t,3,2,C3,467.37,,120,,,,,,,,,,,,,,,,
12/19/2019,12/20/2019,CO2,t,3,7,E2,127.25,,0,,,,,,,,,,,,,,,,
12/19/2019,12/20/2019,CO2,t,3,7,W1,219.25,,60,,,,,,,,,,,,,,,,
12/19/2019,12/20/2019,CO2,t,3,7,U2,309.62,,120,,,,,,,,,,,,,,,,
12/19/2019,12/20/2019,CO2,t,3,3,T2,127.25,,0,,,,,,,,,,,,,,,,
12/19/2019,12/20/2019,CO2,t,3,3,I1,239.5,,60,,,,,,,,,,,,,,,,
12/19/2019,12/20/2019,CO2,t,3,3,B3,337.12,,120,,,,,,,,,,,,,,,,
12/19/2019,12/20/2019,CO2,t,3,5,L1,126.12,,0,,,,,,,,,,,,,,,,
12/19/2019,12/20/2019,CO2,t,3,5,U1,255.87,,60,,,,,,,,,,,,,,,,
12/19/2019,12/20/2019,CO2,t,3,5,E3,372.37,,120,,,,,,,,,,,,,,,,
12/19/2019,12/20/2019,CO2,c,3,,Field QC - 2500,533.5,,,Y,,,,,,,,,,,,,,,
12/19/2019,12/20/2019,CO2,c,3,10,B2,126.75,,0,,,,,,,,,,,,,,,,
12/19/2019,12/20/2019,CO2,c,3,10,O2,128.5,,60,,,,,,,,,,,,,,,,
12/19/2019,12/20/2019,CO2,c,3,10,D3,120.12,,120,,,,,,,,,,,,,,,,
12/19/2019,12/20/2019,CO2,c,3,8,S2,125.12,,0,,,,,,,,,,,,,,,,
12/19/2019,12/20/2019,CO2,c,3,8,L2,170,,60,,,,,,,,,,,,,,,,
12/19/2019,12/20/2019,CO2,c,3,8,A4,205.62,,121,,,,,,,,,,,,,,,,
12/19/2019,12/20/2019,CO2,c,3,1,M1,127.87,,0,,,,,,,,,,,,,,,,
12/19/2019,12/20/2019,CO2,c,3,1,J1,177.75,,60,,,,,,,,,,,,,,,,
12/19/2019,12/20/2019,CO2,c,3,1,H2,205.62,,121,,,,,,,,,,,,,,,,
12/19/2019,12/20/2019,CO2,c,3,9,P8,129.62,,0,,,,,,,,,,,,,,,,
12/19/2019,12/20/2019,CO2,c,3,9,B4,135.62,,60,,,,,,,,,,,,,,,,
12/19/2019,12/20/2019,CO2,c,3,9,C4,148.25,,120,,,,,,,,,,,,,,,,
12/19/2019,12/20/2019,CO2,c,3,6,A1,126.62,,0,,,,,,,,,,,,,,,,
12/19/2019,12/20/2019,CO2,c,3,6,Z4,148.5,,60,,,,,,,,,,,,,,,,
12/19/2019,12/20/2019,CO2,c,3,6,G2,157.5,,120,,,,,,,,,,,,,,,,
1/14/2020,1/15/2020,CO2,c,6,,Standard2,235.12,32.547,,y,field,1000.5,,,,,,,,,,,,,
1/14/2020,1/15/2020,CO2,c,6,5,U1,83.75,11.462,0,,,,,,,,,,,,,,,,
1/14/2020,1/15/2020,CO2,c,6,5,T2,115.75,15.877,60,,,,,,,,,,,,,,,,
1/14/2020,1/15/2020,CO2,c,6,5,A2,194.37,26.819,121,,,,,,,,,,,,,,,,
1/14/2020,1/15/2020,CO2,c,6,3,U2,89.625,12.271,0,,,,,,,,,,,,,,,,
1/14/2020,1/15/2020,CO2,c,6,3,P2,110.75,15.187,60,,,,,,,,,,,,,,,,
1/14/2020,1/15/2020,CO2,c,6,3,C4,74,10.122,120,,,,,,,,,,,,,,,,
,1/15/2020,CO2,,6,,,138.12,18.979,,y,lab,500,,,,,,,,,,,,,
,1/15/2020,CO2,,6,,,138.87,19.026,,y,lab,500,,,,,,,,,,,,,
1/14/2020,1/15/2020,CO2,c,6,7,R2,101.25,13.875,0,,,,,,,,,,,,,,,,
1/14/2020,1/15/2020,CO2,c,6,7,M2,91,12.462,60,,,,,,,,,,,,,,,,
1/14/2020,1/15/2020,CO2,c,6,7,A1,123,16.883,120,,,,,,,,,,,,,,,,
1/14/2020,1/15/2020,CO2,c,6,2,J1,106.75,14.635,0,,,,,,,,,,,,,,,,
1/14/2020,1/15/2020,CO2,c,6,2,E2,137.75,18.927,60,,,,,,,,,,,,,,,,
1/14/2020,1/15/2020,CO2,c,6,2,B4,148.62,20.439,120,,,,,,,,,,,,,,,,
1/14/2020,1/15/2020,CO2,c,6,4,X1,99.125,13.582,0,,,,,,,,,,,,,,,,
1/14/2020,1/15/2020,CO2,c,6,4,S2,133.25,18.302,60,,,,,,,,,,,,,,,,
1/14/2020,1/15/2020,CO2,c,6,4,50000,66.25,9.058,102,,,,,,,,,,,,,,,,
1/14/2020,1/15/2020,CO2,t,,,E1,236.37,32.728,,y,field,1000.5,,,,,,,,,,,,,
1/14/2020,1/15/2020,CO2,t,6,6,L2,99.125,13.581,0,,,,,,,,,,,,,,,,
1/14/2020,1/15/2020,CO2,t,6,6,V2,125.5,17.227,60,,,,,,,,,,,,,,,,
1/14/2020,1/15/2020,CO2,t,6,6,Z2,170.12,23.431,120,,,,,,,,,,,,,,,,
1/14/2020,1/15/2020,CO2,t,6,9,V1,81.5,11.152,0,,,,,,,,,,,,,,,,
1/14/2020,1/15/2020,CO2,t,6,9,C3,159.87,22,60,,,,,,,,,,,,,,,,
1/14/2020,1/15/2020,CO2,t,6,9,C1,149.62,20.573,120,,,,,,,,,,,,,,,,
1/14/2020,1/15/2020,CO2,t,6,10,C5,118,16.187,0,,,,,,,,,,,,,,,,
1/14/2020,1/15/2020,CO2,t,6,10,G2,134.5,18.472,60,,,,,,,,,,,,,,,,
1/14/2020,1/15/2020,CO2,t,6,10,I2,149.5,20.554,120,,,,,,,,,,,,,,,,
,1/15/2020,CO2,,6,,,138.12,18.975,,Y,lab,500,,,,,,,,,,,,,
,1/15/2020,CO2,,6,,,139.25,19.026,,Y,lab,500,,,,,,,,,,,,,
1/14/2020,1/15/2020,CO2,t,6,1,A5,70.25,9.605,0,,,,,,,,,,,,,,,,
1/14/2020,1/15/2020,CO2,t,6,1,Z1,213.75,29.536,60,,,,,,,,,,,,,,,,
1/14/2020,1/15/2020,CO2,t,6,1,D1,180,24.805,120,,,,,,,,,,,,,,,,
1/14/2020,1/15/2020,CO2,t,6,8,N2,127.12,17.449,0,,,,,,,,,,,,,,,,
1/14/2020,1/15/2020,CO2,t,6,8,K2,139.25,19.131,60,,,,,,,,,,,,,,,,
1/14/2020,1/15/2020,CO2,t,6,8,S1,149.87,20.607,120,,,,,,,,,,,,,,,,
1/20/2020,1/21/2020,CO2,c,5,10,A2,,18.037,0,,,,,,,,,,,,,,,,
1/20/2020,1/21/2020,CO2,c,5,10,U1,,50.569,60,,,,,,,,,,,,,,,,
1/20/2020,1/21/2020,CO2,c,5,10,Z4,,78.198,120,,,,,,,,,,,,,,,,
1/20/2020,1/21/2020,CO2,c,5,8,Z2,,18.037,0,,,,,,,,,,,,,,,,
1/20/2020,1/21/2020,CO2,c,5,8,E2,,61.498,60,,,,,,,,,,,,,,,,
1/20/2020,1/21/2020,CO2,c,5,8,D3,,90.239,120,,,,,,,,,,,,,,,,
1/20/2020,1/21/2020,CO2,c,5,6,C1,,17.256,0,,,,,,,,,,,,,,,,
1/20/2020,1/21/2020,CO2,c,5,6,B5,,56.178,60,,,,,,,,,,,,,,,,
1/20/2020,1/21/2020,CO2,c,5,6,50000,,97.872,120,,,,,,,,,,,,,,,,
1/20/2020,1/21/2020,CO2,c,5,9,V2,,17.673,0,,,,,,,,,,,,,,,,
1/20/2020,1/21/2020,CO2,c,5,9,C4,,62.366,60,,,,,,,,,,,,,,,,
1/20/2020,1/21/2020,CO2,c,5,9,B3,,104.49,120,,,,,,,,,,,,,,,,
1/20/2020,1/21/2020,CO2,c,5,1,N2,,18.595,0,,,,,,,,,,,,,,,,
1/20/2020,1/21/2020,CO2,c,5,1,F1,,40.427,60,,,,,,,,,,,,,,,,
1/20/2020,1/21/2020,CO2,c,5,1,F3,,79.629,120,,,,,,,,,,,,,,,,
1/20/2020,1/21/2020,CO2,c,5,,E1,,83.748,,Y,field,2520,,,,,,,,,,,,,
1/20/2020,1/21/2020,CO2,t,5,,F4,,84.356,,Y,field,2520,,,,,,,,,,,,,
1/20/2020,1/21/2020,CO2,t,5,3,C3,,18.557,0,,,,,,,,,,,,,,,,
1/20/2020,1/21/2020,CO2,t,5,3,S1,,57.674,60,,,,,,,,,,,,,,,,
1/20/2020,1/21/2020,CO2,t,5,3,I1,,97.414,120,,,,,,,,,,,,,,,,
1/20/2020,1/21/2020,CO2,t,5,2,M2,,18.662,0,,,,,,,,,,,,,,,,
1/20/2020,1/21/2020,CO2,t,5,2,B4,,63.584,60,,,,,,,,,,,,,,,,
1/20/2020,1/21/2020,CO2,t,5,2,Y1,,100.37,120,,,,,,,,,,,,,,,,
1/20/2020,1/21/2020,CO2,t,5,5,C5,,19.48,0,,,,,,,,,,,,,,,,
1/20/2020,1/21/2020,CO2,t,5,5,F2,,47.422,60,,,,,,,,,,,,,,,,
1/20/2020,1/21/2020,CO2,t,5,5,I2,,88.139,120,,,,,,,,,,,,,,,,
1/20/2020,1/21/2020,CO2,t,5,4,C2,,18.836,0,,,,,,,,,,,,,,,,
1/20/2020,1/21/2020,CO2,t,5,4,D1,,57.842,60,,,,,,,,,,,,,,,,
1/20/2020,1/21/2020,CO2,t,5,4,E3,,84.129,120,,,,,,,,,,,,,,,,
1/20/2020,1/21/2020,CO2,t,5,7,G2,,17.62,0,,,,,,,,,,,,,,,,
1/20/2020,1/21/2020,CO2,t,5,7,A5,,46.952,60,,,,,,,,,,,,,,,,
1/20/2020,1/21/2020,CO2,t,5,7,V1,,70.365,120,,,,,,,,,,,,,,,,
1/23/2020,1/23/2020,CO2,c,1,10,K2,,17.768,0,,,,,,,,,,,,,,,,
1/23/2020,1/23/2020,CO2,c,1,10,B4,,41.29,60,,,,,,,,,,,,,,,,
1/23/2020,1/23/2020,CO2,c,1,10,X1,,45.205,120,,,,,,,,,,,,,,,,
1/23/2020,1/23/2020,CO2,c,1,6,Z1,,,0,,,,,,,,,,,,,,,,
1/23/2020,1/23/2020,CO2,c,1,6,C4,,17.316,60,,,,,,,,,,,,,,,,
1/23/2020,1/23/2020,CO2,c,1,6,I2,,17.873,120,,,,,,,,,,,,,,,,
1/23/2020,1/23/2020,CO2,c,1,9,K1,,,0,,,,,,,,,,,,,,,,
1/23/2020,1/23/2020,CO2,c,1,9,D1,,62.629,60,,,,,,,,,,,,,,,,
1/23/2020,1/23/2020,CO2,c,1,9,A1,,74.553,120,,,,,,,,,,,,,,,,
,1/23/2020,CO2,c,1,,A1,,28.086,,Y,field,810,,,,,,,,,,,,,
,1/23/2020,CO2,c,1,,A1,,28.158,,Y,field,810,,,,,,,,,,,,,
1/23/2020,1/23/2020,CO2,c,1,1,Y1,,18.222,0,,,,,,,,,,,,,,,,
1/23/2020,1/23/2020,CO2,c,1,1,H1,,60.731,60,,,,,,,,,,,,,,,,
1/23/2020,1/23/2020,CO2,c,1,1,FY,,66.432,120,,,,,,,,,,,,,,,,
1/23/2020,1/23/2020,CO2,c,1,3,C2,,16.918,0,,,,,,,,,,,,,,,,
1/23/2020,1/23/2020,CO2,c,1,3,A2,,48.815,60,,,,,,,,,,,,,,,,
1/23/2020,1/23/2020,CO2,c,1,3,F2,,64.437,120,,,,,,,,,,,,,,,,
1/23/2020,1/23/2020,CO2,c,2,2,L2,,16.027,0,,,,,,,,,,,,,,,,
1/23/2020,1/23/2020,CO2,c,2,2,W1,,24.546,60,,,,,,,,,,,,,,,,
1/23/2020,1/23/2020,CO2,c,2,2,D3,,41.79,120,,,,,,,,,,,,,,,,
1/23/2020,1/23/2020,CO2,c,2,5,S1,,14.554,0,,,,,,,,,,,,,,,,
1/23/2020,1/23/2020,CO2,c,2,5,C3,,17.867,60,,,,,,,,,,,,,,,,
1/23/2020,1/23/2020,CO2,c,2,5,G3,,20.459,120,,,,,,,,,,,,,,,,
1/23/2020,1/23/2020,CO2,c,2,7,Z4,,19.554,0,,,,,,,,,,,,,,,,
1/23/2020,1/23/2020,CO2,c,2,7,G2,,45.853,60,,,,,,,,,,,,,,,,
1/23/2020,1/23/2020,CO2,c,2,7,B2,,81.607,120,,,,,,,,,,,,,,,,
1/23/2020,1/23/2020,CO2,c,2,8,E2,,17.802,0,,,,,,,,,,,,,,,,
1/23/2020,1/23/2020,CO2,c,2,8,E1,,44.5,60,,,,,,,,,,,,,,,,
1/23/2020,1/23/2020,CO2,c,2,8,T2,,78.257,120,,,,,,,,,,,,,,,,
1/23/2020,1/23/2020,CO2,c,2,4,N1,,17.767,0,,,,,,,,,,,,,,,,
1/23/2020,1/23/2020,CO2,c,2,4,D2,,26.166,60,,,,,,,,,,,,,,,,
1/23/2020,1/23/2020,CO2,c,2,4,U1,,60.311,120,,,,,,,,,,,,,,,,
1/23/2020,1/23/2020,CO2,t,1,2,Q2,,16.846,0,,,,,,,,,,,,,,,,
1/23/2020,1/23/2020,CO2,t,1,2,B5,,62.972,60,,,,,,,,,,,,,,,,
1/23/2020,1/23/2020,CO2,t,1,2,O2,,105.96,120,,,,,,,,,,,,,,,,
1/23/2020,1/23/2020,CO2,t,1,,,,27.766,,Y,lab,810,,,,,,,,,,,,,
1/23/2020,1/23/2020,CO2,t,1,,,,28.239,,Y,lab,810,,,,,,,,,,,,,
1/23/2020,1/23/2020,CO2,t,1,5,E3,,17.835,0,,,,,,,,,,,,,,,,
1/23/2020,1/23/2020,CO2,t,1,5,P2,,63.686,60,,,,,,,,,,,,,,,,
1/23/2020,1/23/2020,CO2,t,1,5,A6,,94.268,120,,,,,,,,,,,,,,,,
1/23/2020,1/23/2020,CO2,t,1,7,W2,,16.29,0,,,,,,,,,,,,,,,,
1/23/2020,1/23/2020,CO2,t,1,7,V2,,50.147,60,,,,,,,,,,,,,,,,
1/23/2020,1/23/2020,CO2,t,1,7,B1,,72.299,120,,,,,,,,,,,,,,,,
1/23/2020,1/23/2020,CO2,t,1,8,H2,,16.915,0,,,,,,,,,,,,,,,,
1/23/2020,1/23/2020,CO2,t,1,8,U2,,89.982,60,,,,,,,,,,,,,,,,
1/23/2020,1/23/2020,CO2,t,1,8,J2,,109.24,120,,,,,,,,,,,,,,,,
1/23/2020,1/23/2020,CO2,t,1,4,A3,,18.39,0,,,,,,,,,,,,,,,,
1/23/2020,1/23/2020,CO2,t,1,4,R2,,67.404,60,,,,,,,,,,,,,,,,
1/23/2020,1/23/2020,CO2,t,1,4,Y2,,110.5,120,,,,,,,,,,,,,,,,
1/23/2020,1/23/2020,CO2,t,2,3,C5,,17.137,0,,,,,,,,,,,,,,,,
1/23/2020,1/23/2020,CO2,t,2,3,N2,,42.908,60,,,,,,,,,,,,,,,,
1/23/2020,1/23/2020,CO2,t,2,3,P1,,59.216,121,,,,,,,,,,,,,,,,
1/23/2020,1/23/2020,CO2,t,2,10,M2,,19.694,0,,,,,,,,,,,,,,,,
1/23/2020,1/23/2020,CO2,t,2,10,M1,,39.08,60,,,,,,,,,,,,,,,,
1/23/2020,1/23/2020,CO2,t,2,10,J1,,52.573,120,,,,,,,,,,,,,,,,
1/23/2020,1/23/2020,CO2,t,2,6,C1,,13.729,0,,,,,,,,,,,,,,,,
1/23/2020,1/23/2020,CO2,t,2,6,5000,,34.154,60,,,,,,,,,,,,,,,,
1/23/2020,1/23/2020,CO2,t,2,6,B3,,28.607,120,,,,,,,,,,,,,,,,
1/23/2020,1/23/2020,CO2,t,2,,,,27.094,,Y,lab,810,,,,,,,,,,,,,
1/23/2020,1/23/2020,CO2,t,2,,,,26.864,,Y,lab,810,,,,,,,,,,,,,
1/23/2020,1/23/2020,CO2,t,2,9,F3,,17.706,0,,,,,,,,,,,,,,,,
1/23/2020,1/23/2020,CO2,t,2,9,I1,,39.688,60,,,,,,,,,,,,,,,,
1/23/2020,1/23/2020,CO2,t,2,9,S2,,49.223,120,,,,,,,,,,,,,,,,
1/23/2020,1/23/2020,CO2,t,2,1,Z2,,17.489,0,,,,,,,,,,,,,,,,
1/23/2020,1/23/2020,CO2,t,2,1,A5,,53.394,60,,,,,,,,,,,,,,,,
1/23/2020,1/23/2020,CO2,t,2,1,L1,,88.659,120,,,,,,,,,,,,,,,,
1/30/2020,1/30/2020,CO2,t,3,8,K1,,17.778,0,,,,,,,,,,,,,,,,
1/30/2020,1/30/2020,CO2,t,3,8,C3,,23.46,60,,,,,,,,,,,,,,,,
1/30/2020,1/30/2020,CO2,t,3,8,F3,,24.719,120,,,,,,,,,,,,,,,,
1/30/2020,1/30/2020,CO2,t,3,4,U1,,16.459,0,,,,,,,,,,,,,,,,
1/30/2020,1/30/2020,CO2,t,3,4,V1,,32.004,60,,,,,,,,,,,,,,,,
1/30/2020,1/30/2020,CO2,t,3,4,L2,,28.689,120,,,,,,,,,,,,,,,,
1/30/2020,1/30/2020,CO2,t,3,7,B2,,15.298,0,,,,,,,,,,,,,,,,
1/30/2020,1/30/2020,CO2,t,3,7,C1,,26.783,60,,,,,,,,,,,,,,,,
1/30/2020,1/30/2020,CO2,t,3,7,Z4,,33.97,120,,,,,,,,,,,,,,,,
1/30/2020,1/30/2020,CO2,t,3,,,,28.619,,Y,810,,,,,,,,,,,,,,
1/30/2020,1/30/2020,CO2,t,3,,,,28.654,,Y,810,,,,,,,,,,,,,,
1/30/2020,1/30/2020,CO2,t,3,5,S1,,15.749,0,,,,,,,,,,,,,,,,
1/30/2020,1/30/2020,CO2,t,3,5,T2,,27.476,60,,,,,,,,,,,,,,,,
1/30/2020,1/30/2020,CO2,t,3,5,T1,,35.07,120,,,,,,,,,,,,,,,,
1/30/2020,1/30/2020,CO2,t,3,2,D2,,16.339,0,,,,,,,,,,,,,,,,
1/30/2020,1/30/2020,CO2,t,3,2,A2,,20.077,60,,,,,,,,,,,,,,,,
1/30/2020,1/30/2020,CO2,t,3,2,G3,,24.462,120,,,,,,,,,,,,,,,,
1/30/2020,1/30/2020,CO2,c,3,,R1,,14.59,,Y,field,0,,,,,,,,,,,,,
1/30/2020,1/30/2020,CO2,c,3,9,C4,,15.093,0,,,,,,,,,,,,,,,,
1/30/2020,1/30/2020,CO2,c,3,9,B3,,29.279,60,,,,,,,,,,,,,,,,
1/30/2020,1/30/2020,CO2,c,3,9,W2,,31.394,120,,,,,,,,,,,,,,,,
1/30/2020,1/30/2020,CO2,c,3,,,,28.907,,Y,lab,810,,,,,,,,,,,,,
1/30/2020,1/30/2020,CO2,c,3,,,,28.204,,Y,lab,810,,,,,,,,,,,,,
1/30/2020,1/30/2020,CO2,c,3,1,D3,,15.389,0,,,,,,,,,,,,,,,,
1/30/2020,1/30/2020,CO2,c,3,1,A3,,33.731,60,,,,,,,,,,,,,,,,
1/30/2020,1/30/2020,CO2,c,3,1,H2,,32.422,120,,,,,,,,,,,,,,,,
1/30/2020,1/30/2020,CO2,c,3,10,A1,,17.959,0,,,,,,,,,,,,,,,,
1/30/2020,1/30/2020,CO2,c,3,10,D1,,40.946,60,,,,,,,,,,,,,,,,
1/30/2020,1/30/2020,CO2,c,3,10,B5,,81.506,120,,,,,,,,,,,,,,,,
1/30/2020,1/30/2020,CO2,c,3,6,F1,,16.016,0,,,,,,,,,,,,,,,,
1/30/2020,1/30/2020,CO2,c,3,6,Q2,,55,60,,,,,,,,,,,,,,,,
1/30/2020,1/30/2020,CO2,c,3,6,O2,,79.87,120,,,,,,,,,,,,,,,,
1/30/2020,1/30/2020,CO2,c,3,,,,27.822,,Y,lab,810,,,,,,,,,,,,,
1/30/2020,1/30/2020,CO2,c,3,,,,28.245,,Y,lab,810,,,,,,,,,,,,,
1/30/2020,1/30/2020,CO2,c,3,3,L1,,15.045,0,,,,,,,,,,,,,,,,
1/30/2020,1/30/2020,CO2,c,3,3,I2,,17.335,60,,,,,,,,,,,,,,,,
1/30/2020,1/30/2020,CO2,c,3,3,Q1,,19.162,120,,,,,,,,,,,,,,,,
1/30/2020,1/30/2020,CO2,c,4,,O1,,1.349,,Y,field,0,,,,,,,,,,,,,
1/30/2020,1/30/2020,CO2,c,4,9,S2,,17.892,0,,,,,,,,,,,,,,,,
1/30/2020,1/30/2020,CO2,c,4,9,M2,,22.318,60,,,,,,,,,,,,,,,,
1/30/2020,1/30/2020,CO2,c,4,9,P1,,14.093,119,,,,,,,,,,,,,,,,
1/30/2020,1/30/2020,CO2,c,4,,,,28.122,,Y,lab,810,,,,,,,,,,,,,
1/30/2020,1/30/2020,CO2,c,4,,,,28.438,,Y,lab,810,,,,,,,,,,,,,
1/30/2020,1/30/2020,CO2,c,4,6,J1,,15.461,0,,,,,,,,,,,,,,,,
1/30/2020,1/30/2020,CO2,c,4,6,M1,,21.952,60,,,,,,,,,,,,,,,,
1/30/2020,1/30/2020,CO2,c,4,6,5000,,16.381,120,,,,,,,,,,,,,,,,
1/30/2020,1/30/2020,CO2,c,4,1,A6,,15.358,0,,,,,,,,,,,,,,,,
1/30/2020,1/30/2020,CO2,c,4,1,I2,,19.544,60,,,,,,,,,,,,,,,,
1/30/2020,1/30/2020,CO2,c,4,1,G2,,17.544,120,,,,,,,,,,,,,,,,
1/30/2020,1/30/2020,CO2,c,4,10,C5,,16.068,0,,,,,,,,,,,,,,,,
1/30/2020,1/30/2020,CO2,c,4,10,N1,,20.032,60,,,,,,,,,,,,,,,,
1/30/2020,1/30/2020,CO2,c,4,10,E2,,17.544,120,,,,,,,,,,,,,,,,
1/30/2020,1/30/2020,CO2,c,4,,,,28.085,,Y,lab,810,,,,,,,,,,,,,
1/30/2020,1/30/2020,CO2,c,4,,,,28.613,,Y,lab,810,,,,,,,,,,,,,
1/30/2020,1/30/2020,CO2,c,4,3,P2,,16.258,0,,,,,,,,,,,,,,,,
1/30/2020,1/30/2020,CO2,c,4,3,R2,,24.434,60,,,,,,,,,,,,,,,,
1/30/2020,1/30/2020,CO2,c,4,3,N2,,33.347,120,,,,,,,,,,,,,,,,
1/30/2020,1/30/2020,CO2,t,4,2,X1,,15.652,0,,,,,,,,,,,,,,,,
1/30/2020,1/30/2020,CO2,t,4,2,U2,,15.564,60,,,,,,,,,,,,,,,,
1/30/2020,1/30/2020,CO2,t,4,2,C2,,14.127,121,,,,,,,,,,,,,,,,
1/30/2020,1/30/2020,CO2,t,4,5,B1,,15.2,0,,,,,,,,,,,,,,,,
1/30/2020,1/30/2020,CO2,t,4,5,E3,,14.542,60,,,,,,,,,,,,,,,,
1/30/2020,1/30/2020,CO2,t,4,5,Z1,,13.867,120,,,,,,,,,,,,,,,,
1/30/2020,1/30/2020,CO2,t,4,,,,28.577,,Y,lab,810,,,,,,,,,,,,,
1/30/2020,1/30/2020,CO2,t,4,,,,28.56,,Y,lab,810,,,,,,,,,,,,,
1/30/2020,1/30/2020,CO2,t,4,7,V2,,15.252,0,,,,,,,,,,,,,,,,
1/30/2020,1/30/2020,CO2,t,4,7,F2,,14.992,60,,,,,,,,,,,,,,,,
1/30/2020,1/30/2020,CO2,t,4,7,H1,,15.114,120,,,,,,,,,,,,,,,,
1/30/2020,1/30/2020,CO2,t,4,8,Y2,,16.449,0,,,,,,,,,,,,,,,,
1/30/2020,1/30/2020,CO2,t,4,8,Y1,,13.607,60,,,,,,,,,,,,,,,,
1/30/2020,1/30/2020,CO2,t,4,8,FY,,15.183,120,,,,,,,,,,,,,,,,
1/30/2020,1/30/2020,CO2,t,4,4,J2,,14.958,0,,,,,,,,,,,,,,,,
1/30/2020,1/30/2020,CO2,t,4,4,B4,,14.352,60,,,,,,,,,,,,,,,,
2/13/2020,2/13/2020,CO2,c,6,3,FY,,35.959,0,,,,,,,,,,,,,,,,
2/13/2020,2/13/2020,CO2,c,6,3,I1,,74.241,60,,,,,,,,,,,,,,,,
2/13/2020,2/13/2020,CO2,c,6,3,G2,,145.32,121,,,,,,,,,,,,,,,,
2/13/2020,2/13/2020,CO2,c,6,6,Y2,,27.752,0,,,,,,,,,,,,,,,,
2/13/2020,2/13/2020,CO2,c,6,6,S2,,34.628,60,,,,,,,,,,,,,,,,
2/13/2020,2/13/2020,CO2,c,6,6,E1,,147.86,121,,,,,,,,,,,,,,,,
2/13/2020,2/13/2020,CO2,c,6,8,M2,,34.185,0,,,,,,,,,,,,,,,,
2/13/2020,2/13/2020,CO2,c,6,8,E3,,31.605,60,,,,,,,,,,,,,,,,
2/13/2020,2/13/2020,CO2,c,6,8,T2,,94.024,120,,,,,,,,,,,,,,,,
2/13/2020,2/13/2020,CO2,c,6,1,Y1,,28.348,0,,,,,,,,,,,,,,,,
2/13/2020,2/13/2020,CO2,c,6,1,R2,,31.797,60,,,,,,,,,,,,,,,,
2/13/2020,2/13/2020,CO2,c,6,1,J2,,46.681,120,,,,,,,,,,,,,,,,
2/13/2020,2/13/2020,CO2,c,6,,,,55.165,,Y,lab,810,,,,,,,,,,,,,
2/13/2020,2/13/2020,CO2,c,6,,,,55.856,,Y,lab,810,,,,,,,,,,,,,
2/13/2020,2/13/2020,CO2,c,6,9,C5,,17.855,0,,,,,,,,,,,,,,,,
2/13/2020,2/13/2020,CO2,c,6,9,B1,,42.048,60,,,,,,,,,,,,,,,,
2/13/2020,2/13/2020,CO2,c,6,9,N2,,76.059,120,,,,,,,,,,,,,,,,
2/13/2020,2/13/2020,CO2,t,6,5,B4,,20.478,0,,,,,,,,,,,,,,,,
2/13/2020,2/13/2020,CO2,t,6,5,M1,,30.879,60,,,,,,,,,,,,,,,,
2/13/2020,2/13/2020,CO2,t,6,5,J1,,102.35,120,,,,,,,,,,,,,,,,
2/13/2020,2/13/2020,CO2,t,6,7,X1,,27.082,0,,,,,,,,,,,,,,,,
2/13/2020,2/13/2020,CO2,t,6,7,U2,,43.214,60,,,,,,,,,,,,,,,,
2/13/2020,2/13/2020,CO2,t,6,7,G3,,27.995,120,,,,,,,,,,,,,,,,
2/13/2020,2/13/2020,CO2,t,6,,,,55.366,,Y,lab,810,,,,,,,,,,,,,
2/13/2020,2/13/2020,CO2,t,6,,,,55.86,,Y,lab,810,,,,,,,,,,,,,
2/13/2020,2/13/2020,CO2,t,6,4,N1,,28.329,0,,,,,,,,,,,,,,,,
2/13/2020,2/13/2020,CO2,t,6,4,E2,,57.781,60,,,,,,,,,,,,,,,,
2/13/2020,2/13/2020,CO2,t,6,4,P2,,92.006,120,,,,,,,,,,,,,,,,
2/13/2020,2/13/2020,CO2,t,6,10,V2,,33.601,0,,,,,,,,,,,,,,,,
2/13/2020,2/13/2020,CO2,t,6,10,F2,,37.964,60,,,,,,,,,,,,,,,,
2/13/2020,2/13/2020,CO2,t,6,10,P1,,60.478,120,,,,,,,,,,,,,,,,
2/13/2020,2/13/2020,CO2,t,6,2,C2,,20.532,0,,,,,,,,,,,,,,,,
2/13/2020,2/13/2020,CO2,t,6,2,H1,,76.969,60,,,,,,,,,,,,,,,,
2/13/2020,2/13/2020,CO2,t,6,2,A6,,39.031,120,,,,,,,,,,,,,,,,
2/13/2020,2/13/2020,CO2,c,5,,,,55.729,,Y,lab,810,,,,,,,,,,,,,
2/13/2020,2/13/2020,CO2,c,5,,,,55.491,,Y,lab,810,,,,,,,,,,,,,
2/13/2020,2/13/2020,CO2,c,5,10,W2,,26.924,0,,,,,,,,,,,,,,,,
2/13/2020,2/13/2020,CO2,c,5,10,F3,,67.58,60,,,,,,,,,,,,,,,,
2/13/2020,2/13/2020,CO2,c,5,10,H2,,58.144,120,,,,,,,,,,,,,,,,
2/13/2020,2/13/2020,CO2,c,5,5,C3,,23.53,0,,,,,,,,,,,,,,,,
2/13/2020,2/13/2020,CO2,c,5,5,S1,,37.021,60,,,,,,,,,,,,,,,,
2/13/2020,2/13/2020,CO2,c,5,5,W1,,45.021,120,,,,,,,,,,,,,,,,
2/13/2020,2/13/2020,CO2,c,5,7,A3,,23.111,0,,,,,,,,,,,,,,,,
2/13/2020,2/13/2020,CO2,c,5,7,C4,,30.881,60,,,,,,,,,,,,,,,,
2/13/2020,2/13/2020,CO2,c,5,7,Z2,,37.876,120,,,,,,,,,,,,,,,,
2/13/2020,2/13/2020,CO2,c,5,,,,55.677,,Y,lab,810,,,,,,,,,,,,,
2/13/2020,2/13/2020,CO2,c,5,,,,56.973,,Y,lab,810,,,,,,,,,,,,,
2/13/2020,2/13/2020,CO2,c,5,4,L1,,19.628,0,,,,,,,,,,,,,,,,
2/13/2020,2/13/2020,CO2,c,5,4,A5,,42.749,60,,,,,,,,,,,,,,,,
2/13/2020,2/13/2020,CO2,c,5,4,D3,,98.81,120,,,,,,,,,,,,,,,,
2/13/2020,2/13/2020,CO2,c,5,2,B3,,31.534,0,,,,,,,,,,,,,,,,
2/13/2020,2/13/2020,CO2,c,5,2,I2,,64.001,60,,,,,,,,,,,,,,,,
2/13/2020,2/13/2020,CO2,c,5,2,K2,,97.103,120,,,,,,,,,,,,,,,,
2/13/2020,2/13/2020,CO2,t,5,,,,55.967,,Y,lab,810,,,,,,,,,,,,,
2/13/2020,2/13/2020,CO2,t,5,,,,55.985,,Y,lab,810,,,,,,,,,,,,,
2/13/2020,2/13/2020,CO2,t,5,3,A1,,21.733,0,,,,,,,,,,,,,,,,
2/13/2020,2/13/2020,CO2,t,5,3,B2,,27.154,60,,,,,,,,,,,,,,,,
2/13/2020,2/13/2020,CO2,t,5,3,F1,,44.849,120,,,,,,,,,,,,,,,,
2/13/2020,2/13/2020,CO2,t,5,6,A2,,22.378,0,,,,,,,,,,,,,,,,
2/13/2020,2/13/2020,CO2,t,5,6,L2,,48.486,60,,,,,,,,,,,,,,,,
2/13/2020,2/13/2020,CO2,t,5,6,U1,,47.385,120,,,,,,,,,,,,,,,,
2/13/2020,2/13/2020,CO2,t,5,8,Q2,,20.722,0,,,,,,,,,,,,,,,,
2/13/2020,2/13/2020,CO2,t,5,8,O2,,32.485,60,,,,,,,,,,,,,,,,
2/13/2020,2/13/2020,CO2,t,5,8,B5,,63.591,120,,,,,,,,,,,,,,,,
2/13/2020,2/13/2020,CO2,t,5,,,,55.746,,Y,lab,810,,,,,,,,,,,,,
2/13/2020,2/13/2020,CO2,t,5,,,,56.33,,Y,lab,810,,,,,,,,,,,,,
2/13/2020,2/13/2020,CO2,t,5,1,Q1,,12.442,0,,,,,,,,,,,,,,,,
2/13/2020,2/13/2020,CO2,t,5,1,Z4,,55.965,60,,,,,,,,,,,,,,,,
2/13/2020,2/13/2020,CO2,t,5,1,C1,,22.255,120,,,,,,,,,,,,,,,,
2/13/2020,2/13/2020,CO2,t,5,9,V1,,21.713,0,,,,,,,,,,,,,,,,
2/13/2020,2/13/2020,CO2,t,5,9,D2,,29.26,60,,,,,,,,,,,,,,,,
2/13/2020,2/13/2020,CO2,t,5,9,O1,,33.935,120,,,,,,,,,,,,,,,,
2/20/2020,2/20/2020,CO2,t,1,10,M2,,36.127,0,,,,,,,,,,,,,,,,
2/20/2020,2/20/2020,CO2,t,1,10,R2,,56.496,60,,,,,,,,,,,,,,,,
2/20/2020,2/20/2020,CO2,t,1,10,C2,,64.02,120,,,,,,,,,,,,,,,,
2/20/2020,2/20/2020,CO2,t,1,4,B1,,20.712,0,,,,,,,,,,,,,,,,
2/20/2020,2/20/2020,CO2,t,1,4,P1,,36.234,60,,,,,,,,,,,,,,,,
2/20/2020,2/20/2020,CO2,t,1,4,G2,,69.207,120,,,,,,,,,,,,,,,,
2/20/2020,2/20/2020,CO2,t,1,3,Y1,,35.791,0,,,,,,,,,,,,,,,,
2/20/2020,2/20/2020,CO2,t,1,3,J2,,41.993,60,,,,,,,,,,,,,,,,
2/20/2020,2/20/2020,CO2,t,1,3,P2,,61.29,120,,,,,,,,,,,,,,,,
2/20/2020,2/20/2020,CO2,t,1,6,X1,,33.382,0,,,,,,,,,,,,,,,,
2/20/2020,2/20/2020,CO2,t,1,6,U2,,95.131,60,,,,,,,,,,,,,,,,
2/20/2020,2/20/2020,CO2,t,1,6,B4,,107.45,120,,,,,,,,,,,,,,,,
2/20/2020,2/20/2020,CO2,t,1,,,,51.239,,Y,lab,810,,,,,,,,,,,,,
2/20/2020,2/20/2020,CO2,t,1,,,,56.047,,Y,lab,810,,,,,,,,,,,,,
2/20/2020,2/20/2020,CO2,t,1,8,C5,,24.431,0,,,,,,,,,,,,,,,,
2/20/2020,2/20/2020,CO2,t,1,8,F2,,39.636,60,,,,,,,,,,,,,,,,
2/20/2020,2/20/2020,CO2,t,1,8,A2,,137.36,120,,,,,,,,,,,,,,,,
2/20/2020,2/20/2020,CO2,c,1,5,I1,,24.431,0,,,,,,,,,,,,,,,,
2/20/2020,2/20/2020,CO2,c,1,5,H1,,46.142,60,,,,,,,,,,,,,,,,
2/20/2020,2/20/2020,CO2,c,1,5,E2,,74.266,120,,,,,,,,,,,,,,,,
2/20/2020,2/20/2020,CO2,c,1,7,J1,,30.857,0,,,,,,,,,,,,,,,,
2/20/2020,2/20/2020,CO2,c,1,7,S2,,37.037,61,,,,,,,,,,,,,,,,
2/20/2020,2/20/2020,CO2,c,1,7,50000,,46.757,121,,,,,,,,,,,,,,,,
2/20/2020,2/20/2020,CO2,c,1,,,,55.735,,Y,lab,810,,,,,,,,,,,,,
2/20/2020,2/20/2020,CO2,c,1,,,,55.371,,Y,lab,810,,,,,,,,,,,,,
2/20/2020,2/20/2020,CO2,c,1,9,T2,,32.695,0,,,,,,,,,,,,,,,,
2/20/2020,2/20/2020,CO2,c,1,9,N2,,47.946,60,,,,,,,,,,,,,,,,
2/20/2020,2/20/2020,CO2,c,1,9,M1,,75.698,120,,,,,,,,,,,,,,,,
2/20/2020,2/20/2020,CO2,c,1,1,N1,,22.422,0,,,,,,,,,,,,,,,,
2/20/2020,2/20/2020,CO2,c,1,1,G3,,49.538,60,,,,,,,,,,,,,,,,
2/20/2020,2/20/2020,CO2,c,1,1,Y2,,92.355,120,,,,,,,,,,,,,,,,
2/20/2020,2/20/2020,CO2,c,1,2,A6,,34.908,0,,,,,,,,,,,,,,,,
2/20/2020,2/20/2020,CO2,c,1,2,E3,,36.434,60,,,,,,,,,,,,,,,,
2/20/2020,2/20/2020,CO2,c,1,2,V2,,122.65,120,,,,,,,,,,,,,,,,
2/20/2020,2/20/2020,CO2,t,2,1,K2,,34.059,0,,,,,,,,,,,,,,,,
2/20/2020,2/20/2020,CO2,t,2,1,B5,,38.498,60,,,,,,,,,,,,,,,,
2/20/2020,2/20/2020,CO2,t,2,1,R1,,86.128,120,,,,,,,,,,,,,,,,
2/20/2020,2/20/2020,CO2,t,2,,,,55.193,,Y,lab,810,,,,,,,,,,,,,
2/20/2020,2/20/2020,CO2,t,2,,,,54.555,,Y,lab,810,,,,,,,,,,,,,
2/20/2020,2/20/2020,CO2,t,2,2,H2,,24.171,0,,,,,,,,,,,,,,,,
2/20/2020,2/20/2020,CO2,t,2,2,A1,,41.017,60,,,,,,,,,,,,,,,,
2/20/2020,2/20/2020,CO2,t,2,2,C4,,28.995,120,,,,,,,,,,,,,,,,
2/20/2020,2/20/2020,CO2,t,2,9,Q2,,18.404,0,,,,,,,,,,,,,,,,
2/20/2020,2/20/2020,CO2,t,2,9,L2,,43.005,60,,,,,,,,,,,,,,,,
2/20/2020,2/20/2020,CO2,t,2,9,I2,,51.938,120,,,,,,,,,,,,,,,,
2/20/2020,2/20/2020,CO2,t,2,7,D3,,20.039,0,,,,,,,,,,,,,,,,
2/20/2020,2/20/2020,CO2,t,2,7,F3,,48.73,60,,,,,,,,,,,,,,,,
2/20/2020,2/20/2020,CO2,t,2,7,D1,,37.862,120,,,,,,,,,,,,,,,,
2/20/2020,2/20/2020,CO2,t,2,5,S1,,18.457,0,,,,,,,,,,,,,,,,
2/20/2020,2/20/2020,CO2,t,2,5,F1,,68.499,60,,,,,,,,,,,,,,,,
2/20/2020,2/20/2020,CO2,t,2,5,V1,,78.515,120,,,,,,,,,,,,,,,,
2/20/2020,2/20/2020,CO2,c,2,,,,55.402,,Y,lab,810,,,,,,,,,,,,,
2/20/2020,2/20/2020,CO2,c,2,,,,56.299,,Y,lab,810,,,,,,,,,,,,,
2/20/2020,2/20/2020,CO2,c,2,10,O2,,22.132,0,,,,,,,,,,,,,,,,
2/20/2020,2/20/2020,CO2,c,2,10,U1,,43.978,60,,,,,,,,,,,,,,,,
2/20/2020,2/20/2020,CO2,c,2,10,A5,,30.496,120,,,,,,,,,,,,,,,,
2/20/2020,2/20/2020,CO2,c,2,4,C1,,16.238,0,,,,,,,,,,,,,,,,
2/20/2020,2/20/2020,CO2,c,2,4,W2,,43.279,60,,,,,,,,,,,,,,,,
2/20/2020,2/20/2020,CO2,c,2,4,A3,,42.887,120,,,,,,,,,,,,,,,,
2/20/2020,2/20/2020,CO2,c,2,3,Z4,,19.485,0,,,,,,,,,,,,,,,,
2/20/2020,2/20/2020,CO2,c,2,3,W1,,25.052,60,,,,,,,,,,,,,,,,
2/20/2020,2/20/2020,CO2,c,2,3,C3,,36.229,120,,,,,,,,,,,,,,,,
2/20/2020,2/20/2020,CO2,c,2,,,,55.698,,Y,lab,810,,,,,,,,,,,,,
2/20/2020,2/20/2020,CO2,c,2,,,,55.57,,Y,lab,810,,,,,,,,,,,,,
2/20/2020,2/20/2020,CO2,c,2,8,B3,,24.403,0,,,,,,,,,,,,,,,,
2/20/2020,2/20/2020,CO2,c,2,8,L1,,71.381,60,,,,,,,,,,,,,,,,
2/20/2020,2/20/2020,CO2,c,2,8,Q1,,104.37,120,,,,,,,,,,,,,,,,
2/20/2020,2/20/2020,CO2,c,2,6,D2,,22.951,0,,,,,,,,,,,,,,,,
2/20/2020,2/20/2020,CO2,c,2,6,B2,,69.788,60,,,,,,,,,,,,,,,,
2/20/2020,2/20/2020,CO2,c,2,6,Z2,,153.65,120,,,,,,,,,,,,,,,,
2/24/2020,2/24/2020,CO2,t,4,5,H2,,25.292,0,,,,,,,,,,,,,,,,
2/24/2020,2/24/2020,CO2,t,4,5,G2,,35.391,60,,,,,,,,,,,,,,,,
2/24/2020,2/24/2020,CO2,t,4,5,D3,,33.16,120,,,,,,,,,,,,,,,,
2/24/2020,2/24/2020,CO2,t,4,,,,56.146,,Y,lab,810,,,,,,,,,,,,,
2/24/2020,2/24/2020,CO2,t,4,,,,54.284,,Y,lab,810,,,,,,,,,,,,,
2/24/2020,2/24/2020,CO2,t,4,2,U2,,24.523,0,,,,,,,,,,,,,,,,
2/24/2020,2/24/2020,CO2,t,4,2,N2,,28.171,60,,,,,,,,,,,,,,,,
2/24/2020,2/24/2020,CO2,t,4,2,E1,,28.47,120,,,,,,,,,,,,,,,,
2/24/2020,2/24/2020,CO2,t,4,1,P1,,21.713,0,,,,,,,,,,,,,,,,
2/24/2020,2/24/2020,CO2,t,4,1,B1,,42.418,60,,,,,,,,,,,,,,,,
2/24/2020,2/24/2020,CO2,t,4,1,C1,,33.766,120,,,,,,,,,,,,,,,,
2/24/2020,2/24/2020,CO2,t,4,7,Y2,,26.067,0,,,,,,,,,,,,,,,,
2/24/2020,2/24/2020,CO2,t,4,7,U1,,42.418,60,,,,,,,,,,,,,,,,
2/24/2020,2/24/2020,CO2,t,4,7,M2,,33.766,120,,,,,,,,,,,,,,,,
2/24/2020,2/24/2020,CO2,t,4,,,,56.117,,Y,lab,810,,,,,,,,,,,,,
2/24/2020,2/24/2020,CO2,t,4,,,,56.595,,Y,lab,810,,,,,,,,,,,,,
2/24/2020,2/24/2020,CO2,t,4,9,Z4,,21.453,0,,,,,,,,,,,,,,,,
2/24/2020,2/24/2020,CO2,t,4,9,E3,,31.981,60,,,,,,,,,,,,,,,,
2/24/2020,2/24/2020,CO2,t,4,9,M1,,31.326,120,,,,,,,,,,,,,,,,
2/24/2020,2/24/2020,CO2,c,4,,,,54.97,,Y,lab,810,,,,,,,,,,,,,
2/24/2020,2/24/2020,CO2,c,4,,,,56.871,,Y,lab,810,,,,,,,,,,,,,
2/24/2020,2/24/2020,CO2,c,4,3,A2,,31.338,0,,,,,,,,,,,,,,,,
2/24/2020,2/24/2020,CO2,c,4,3,C2,,20.735,60,,,,,,,,,,,,,,,,
2/24/2020,2/24/2020,CO2,c,4,3,A6,,27.326,120,,,,,,,,,,,,,,,,
2/24/2020,2/24/2020,CO2,c,4,8,A5,,25.257,0,,,,,,,,,,,,,,,,
2/24/2020,2/24/2020,CO2,c,4,8,A1,,24.697,60,,,,,,,,,,,,,,,,
2/24/2020,2/24/2020,CO2,c,4,8,X1,,32.857,120,,,,,,,,,,,,,,,,
2/24/2020,2/24/2020,CO2,c,4,4,J1,,34.007,0,,,,,,,,,,,,,,,,
2/24/2020,2/24/2020,CO2,c,4,4,S2,,27.728,60,,,,,,,,,,,,,,,,
2/24/2020,2/24/2020,CO2,c,4,4,B6,,32.929,120,,,,,,,,,,,,,,,,
2/24/2020,2/24/2020,CO2,c,4,,,,55.927,,Y,lab,810,,,,,,,,,,,,,
2/24/2020,2/24/2020,CO2,c,4,,,,56.217,,Y,lab,810,,,,,,,,,,,,,
2/24/2020,2/24/2020,CO2,c,4,6,K2,,26.239,0,,,,,,,,,,,,,,,,
2/24/2020,2/24/2020,CO2,c,4,6,O1,,33.087,60,,,,,,,,,,,,,,,,
2/24/2020,2/24/2020,CO2,c,4,6,T2,,31.955,120,,,,,,,,,,,,,,,,
2/24/2020,2/24/2020,CO2,c,4,10,V1,,24.715,0,,,,,,,,,,,,,,,,
2/24/2020,2/24/2020,CO2,c,4,10,Y1,,26.22,60,,,,,,,,,,,,,,,,
2/24/2020,2/24/2020,CO2,c,4,10,F2,,23.63,120,,,,,,,,,,,,,,,,
2/24/2020,2/24/2020,CO2,t,3,3,F3,,23.34,0,,,,,,,,,,,,,,,,
2/24/2020,2/24/2020,CO2,t,3,3,F1,,34.382,60,,,,,,,,,,,,,,,,
2/24/2020,2/24/2020,CO2,t,3,3,A3,,54.059,125,,,,,,,,,,,,,,,,
2/24/2020,2/24/2020,CO2,t,3,6,D2,,17.701,0,,,,,,,,,,,,,,,,
2/24/2020,2/24/2020,CO2,t,3,6,E2,,44.978,60,,,,,,,,,,,,,,,,
2/24/2020,2/24/2020,CO2,t,3,6,I2,,97.72,120,,,,,,,,,,,,,,,,
2/24/2020,2/24/2020,CO2,t,3,,,,56.286,,Y,lab,810,,,,,,,,,,,,,
2/24/2020,2/24/2020,CO2,t,3,,,,57.109,,Y,lab,810,,,,,,,,,,,,,
2/24/2020,2/24/2020,CO2,t,3,4,L1,,30.127,0,,,,,,,,,,,,,,,,
2/24/2020,2/24/2020,CO2,t,3,4,B4,,59.218,61,,,,,,,,,,,,,,,,
2/24/2020,2/24/2020,CO2,t,3,4,N1,,52.554,121,,,,,,,,,,,,,,,,
2/24/2020,2/24/2020,CO2,t,3,10,L2,,30.816,0,,,,,,,,,,,,,,,,
2/24/2020,2/24/2020,CO2,t,3,10,Z2,,58.195,60,,,,,,,,,,,,,,,,
2/24/2020,2/24/2020,CO2,t,3,10,B3,,73.727,120,,,,,,,,,,,,,,,,
2/24/2020,2/24/2020,CO2,t,3,8,B2,,27.16,0,,,,,,,,,,,,,,,,
2/24/2020,2/24/2020,CO2,t,3,8,W1,,45.22,60,,,,,,,,,,,,,,,,
2/24/2020,2/24/2020,CO2,t,3,8,C3,,51.763,120,,,,,,,,,,,,,,,,
2/24/2020,2/24/2020,CO2,c,3,1,P2,,36.276,0,,,,,,,,,,,,,,,,
2/24/2020,2/24/2020,CO2,c,3,1,H1,,46.537,60,,,,,,,,,,,,,,,,
2/24/2020,2/24/2020,CO2,c,3,1,C4,,58.35,120,,,,,,,,,,,,,,,,
2/24/2020,2/24/2020,CO2,c,3,9,Q1,,27.171,0,,,,,,,,,,,,,,,,
2/24/2020,2/24/2020,CO2,c,3,9,D1,,63.556,60,,,,,,,,,,,,,,,,
2/24/2020,2/24/2020,CO2,c,3,9,Q2,,94.665,119,,,,,,,,,,,,,,,,
2/24/2020,2/24/2020,CO2,c,3,7,O2,,32.221,0,,,,,,,,,,,,,,,,
2/24/2020,2/24/2020,CO2,c,3,7,I1,,32.68,60,,,,,,,,,,,,,,,,
2/24/2020,2/24/2020,CO2,c,3,7,J2,,49.732,120,,,,,,,,,,,,,,,,
2/24/2020,2/24/2020,CO2,c,3,,,,55.535,,Y,lab,810,,,,,,,,,,,,,
2/24/2020,2/24/2020,CO2,c,3,,,,53.893,,Y,lab,810,,,,,,,,,,,,,
2/24/2020,2/24/2020,CO2,c,3,2,G3,,24.038,0,,,,,,,,,,,,,,,,
2/24/2020,2/24/2020,CO2,c,3,2,C5,,39.801,60,,,,,,,,,,,,,,,,
2/24/2020,2/24/2020,CO2,c,3,2,V2,,77.491,120,,,,,,,,,,,,,,,,
2/24/2020,2/24/2020,CO2,c,3,5,S1,,34.683,0,,,,,,,,,,,,,,,,
2/24/2020,2/24/2020,CO2,c,3,5,50000,,55.681,60,,,,,,,,,,,,,,,,
2/24/2020,2/24/2020,CO2,c,3,5,R2,,42.914,120,,,,,,,,,,,,,,,,
3/10/2020,3/10/2020,CO2,c,3,10,U2,,37.218,0,,,,,,,,,,,,,,,,
3/10/2020,3/10/2020,CO2,c,3,10,D2,,45.319,60,,,,,,,,,,,,,,,,
3/10/2020,3/10/2020,CO2,c,3,10,Z2,,49.47,120,,,,,,,,,,,,,,,,
3/10/2020,3/10/2020,CO2,c,3,5,L1,,32.488,0,,,,,,,,,,,,,,,,
3/10/2020,3/10/2020,CO2,c,3,5,A2,,68.979,60,,,,,,,,,,,,,,,,
3/10/2020,3/10/2020,CO2,c,3,5,B2,,41.305,120,,,,,,,,,,,,,,,,
3/10/2020,3/10/2020,CO2,c,3,4,M1,,20.265,0,,,,,,,,,,,,,,,,
3/10/2020,3/10/2020,CO2,c,3,4,U1,,57.157,60,,,,,,,,,,,,,,,,
3/10/2020,3/10/2020,CO2,c,3,4,F1,,53.58,120,,,,,,,,,,,,,,,,
3/10/2020,3/10/2020,CO2,c,3,6,B3,,21.208,0,,,,,,,,,,,,,,,,
3/10/2020,3/10/2020,CO2,c,3,6,C5,,64.271,60,,,,,,,,,,,,,,,,
3/10/2020,3/10/2020,CO2,c,3,6,F3,,82.861,120,,,,,,,,,,,,,,,,
3/10/2020,3/10/2020,CO2,c,3,,,,54.623,,Y,lab,810,,,,,,,,,,,,,
3/10/2020,3/10/2020,CO2,c,3,,,,56.634,,Y,lab,810,,,,,,,,,,,,,
3/10/2020,3/10/2020,CO2,c,3,8,Q2,,18.93,0,,,,,,,,,,,,,,,,
3/10/2020,3/10/2020,CO2,c,3,8,M2,,79.264,60,,,,,,,,,,,,,,,,
3/10/2020,3/10/2020,CO2,c,3,8,W1,,126.92,120,,,,,,,,,,,,,,,,
3/10/2020,3/10/2020,CO2,t,3,7,D1,,24.686,0,,,,,,,,,,,,,,,,
3/10/2020,3/10/2020,CO2,t,3,9,G3,,21.663,0,,,,,,,,,,,,,,,,
3/10/2020,3/10/2020,CO2,t,3,3,H1,,28.544,0,,,,,,,,,,,,,,,,
3/10/2020,3/10/2020,CO2,t,3,1,L2,,29.706,0,,,,,,,,,,,,,,,,
3/10/2020,3/10/2020,CO2,t,3,2,R2,,21.663,0,,,,,,,,,,,,,,,,
3/10/2020,3/10/2020,CO2,t,3,7,I2,,59.271,60,,,,,,,,,,,,,,,,
3/10/2020,3/10/2020,CO2,t,3,9,G2,,73.787,60,,,,,,,,,,,,,,,,
3/10/2020,3/10/2020,CO2,t,3,3,C4,,28.824,60,,,,,,,,,,,,,,,,
3/10/2020,3/10/2020,CO2,t,3,1,E2,,61.624,60,,,,,,,,,,,,,,,,
3/10/2020,3/10/2020,CO2,t,3,2,N1,,54.11,60,,,,,,,,,,,,,,,,
3/10/2020,3/10/2020,CO2,t,3,7,V2,,49.623,120,,,,,,,,,,,,,,,,
3/10/2020,3/10/2020,CO2,t,3,,,,55.421,,Y,lab,810,,,,,,,,,,,,,
3/10/2020,3/10/2020,CO2,t,3,,,,56.023,,Y,lab,810,,,,,,,,,,,,,
3/10/2020,3/10/2020,CO2,t,3,9,B1,,36.07,120,,,,,,,,,,,,,,,,
3/10/2020,3/10/2020,CO2,t,3,3,C1,,69.079,120,,,,,,,,,,,,,,,,
3/10/2020,3/10/2020,CO2,t,3,1,Y1,,58.682,120,,,,,,,,,,,,,,,,
3/10/2020,3/10/2020,CO2,t,3,2,J1,,67.459,120,,,,,,,,,,,,,,,,
3/10/2020,3/10/2020,CO2,c,5,3,C2,,24.61,0,,,,,,,,,,,,,,,,
3/10/2020,3/10/2020,CO2,c,5,1,H2,,10.278,0,,,,,,,,,,,,,,,,
3/10/2020,3/10/2020,CO2,c,5,2,5000,,6.068,0,,,,,,,,,,,,,,,,
3/10/2020,3/10/2020,CO2,c,5,,,,53.256,,Y,lab,810,,,,,,,,,,,,,
3/10/2020,3/10/2020,CO2,c,5,,,,53.894,,Y,lab,810,,,,,,,,,,,,,
3/10/2020,3/10/2020,CO2,c,5,9,Z4,,9.745,0,,,,,,,,,,,,,,,,
3/10/2020,3/10/2020,CO2,c,5,7,P2,,12.296,0,,,,,,,,,,,,,,,,
3/10/2020,3/10/2020,CO2,c,5,,,,54.913,,Y,lab,810,,,,,,,,,,,,,
3/10/2020,3/10/2020,CO2,c,5,,,,54.53,,Y,lab,810,,,,,,,,,,,,,
3/10/2020,3/10/2020,CO2,c,5,3,F2,,23.285,60,,,,,,,,,,,,,,,,
3/10/2020,3/10/2020,CO2,c,5,1,X1,,54.727,60,,,,,,,,,,,,,,,,
3/10/2020,3/10/2020,CO2,c,5,2,Y2,,48.845,60,,,,,,,,,,,,,,,,
3/10/2020,3/10/2020,CO2,c,5,9,D3,,76.322,60,,,,,,,,,,,,,,,,
3/10/2020,3/10/2020,CO2,c,5,7,K2,,50.218,60,,,,,,,,,,,,,,,,
3/10/2020,3/10/2020,CO2,c,5,,,,55.2,,Y,lab,810,,,,,,,,,,,,,
3/10/2020,3/10/2020,CO2,c,5,,,,55.401,,Y,lab,810,,,,,,,,,,,,,
3/10/2020,3/10/2020,CO2,c,5,3,A6,,61.99,120,,,,,,,,,,,,,,,,
3/10/2020,3/10/2020,CO2,c,5,1,E3,,42.131,120,,,,,,,,,,,,,,,,
3/10/2020,3/10/2020,CO2,c,5,2,A1,,65.69,120,,,,,,,,,,,,,,,,
3/10/2020,3/10/2020,CO2,c,5,9,J2,,75.245,120,,,,,,,,,,,,,,,,
3/10/2020,3/10/2020,CO2,c,5,7,B5,,75.375,120,,,,,,,,,,,,,,,,
3/10/2020,3/10/2020,CO2,t,5,,,,56.421,,Y,lab,810,,,,,,,,,,,,,
3/10/2020,3/10/2020,CO2,t,5,,,,56.35,,Y,lab,810,,,,,,,,,,,,,
3/10/2020,3/10/2020,CO2,t,5,5,S1,,19.39,0,,,,,,,,,,,,,,,,
3/10/2020,3/10/2020,CO2,t,5,5,N2,,69.762,61,,,,,,,,,,,,,,,,
3/10/2020,3/10/2020,CO2,t,5,5,K1,,150.89,122,,,,,,,,,,,,,,,,
3/10/2020,3/10/2020,CO2,t,5,10,W2,,35.471,0,,,,,,,,,,,,,,,,
3/10/2020,3/10/2020,CO2,t,5,10,T2,,128.58,61,,,,,,,,,,,,,,,,
3/10/2020,3/10/2020,CO2,t,5,10,T1,,204.27,120,,,,,,,,,,,,,,,,
3/10/2020,3/10/2020,CO2,t,5,4,A3,,27.076,0,,,,,,,,,,,,,,,,
3/10/2020,3/10/2020,CO2,t,5,4,C3,,109.43,60,,,,,,,,,,,,,,,,
3/10/2020,3/10/2020,CO2,t,5,4,P1,,178.59,120,,,,,,,,,,,,,,,,
3/10/2020,3/10/2020,CO2,t,5,,,,52.531,,Y,lab,810,,,,,,,,,,,,,
3/10/2020,3/10/2020,CO2,t,5,,,,57.074,,Y,lab,810,,,,,,,,,,,,,
3/10/2020,3/10/2020,CO2,t,5,6,Q1,,29.275,0,,,,,,,,,,,,,,,,
3/10/2020,3/10/2020,CO2,t,5,6,A5,,88.632,60,,,,,,,,,,,,,,,,
3/10/2020,3/10/2020,CO2,t,5,6,B4,,145.7,120,,,,,,,,,,,,,,,,
3/10/2020,3/10/2020,CO2,t,5,8,O2,,32.557,0,,,,,,,,,,,,,,,,
3/10/2020,3/10/2020,CO2,t,5,8,I2,,92.168,60,,,,,,,,,,,,,,,,
3/10/2020,3/10/2020,CO2,t,5,8,S2,,139.24,120,,,,,,,,,,,,,,,,
