date collection,date analysis,Component,treatment type,site id,bucket,syringe id,area,Time,QC? (Y/N),PPM,field temp (kelvin),pressure (atm),,,,,,,,,,,,,
2019-03-13,2019-03-15,N2O,t,1,5,1001,191.8173,0,,N20,290.3722222,1.00296721,,,,,,,,,,,,,
2019-03-13,2019-03-15,N2O,t,1,5,1006,200.9948,60,,,290.3722222,1.00296721,,,,,,,,,,,,,
2019-03-13,2019-03-15,N2O,t,1,5,1011,197.5272,123,,,290.3722222,1.00296721,,,,,,,,,,,,,
2019-03-13,2019-03-15,N2O,t,1,9,T191,189.1886,0,,,290.3722222,1.00296721,,,,,,,,,,,,,
2019-03-13,2019-03-15,N2O,t,1,9,1005,229.4420,61,,,290.3722222,1.00296721,,,,,,,,,,,,,
2019-03-13,2019-03-15,N2O,t,1,9,1010,253.8894,122,,,290.3722222,1.00296721,,,,,,,,,,,,,
2019-03-13,2019-03-15,N2O,t,1,7,35,191.1454,0,,,290.3722222,1.00296721,,,,,,,,,,,,,
2019-03-13,2019-03-15,N2O,t,1,7,1004,201.1228,60,,,290.3722222,1.00296721,,,,,,,,,,,,,
2019-03-13,2019-03-15,N2O,t,1,7,1009,188.4740,121,,,290.3722222,1.00296721,,,,,,,,,,,,,
2019-03-13,2019-03-15,N2O,t,1,2,17,192.6956,0,,,290.3722222,1.00296721,,,,,,,,,,,,,
2019-03-13,2019-03-15,N2O,t,1,2,"1003,Ji",219.9820,59,,,290.3722222,1.00296721,,,,,,,,,,,,,
2019-03-13,2019-03-15,N2O,t,1,2,1008,221.8622,119,,,290.3722222,1.00296721,,,,,,,,,,,,,
2019-03-13,2019-03-15,N2O,c,1,4,8,189.9446,0,,,290.3722222,1.00296721,,,,,,,,,,,,,
2019-03-13,2019-03-15,N2O,c,1,4,37,195.9228,59,,,290.3722222,1.00296721,,,,,,,,,,,,,
2019-03-13,2019-03-15,N2O,c,1,4,Gi,185.4336,118,,,290.3722222,1.00296721,,,,,,,,,,,,,
2019-03-13,2019-03-15,N2O,c,1,10,Di,192.6294,0,,,290.3722222,1.00296721,,,,,,,,,,,,,
2019-03-13,2019-03-15,N2O,c,1,10,41,189.2100,59,,,290.3722222,1.00296721,,,,,,,,,,,,,
2019-03-13,2019-03-15,N2O,c,1,10,Xi,188.6395,121,,,290.3722222,1.00296721,,,,,,,,,,,,,
2019-03-13,2019-03-15,N2O,c,1,6,Ci,187.7517,0,,,290.3722222,1.00296721,,,,,,,,,,,,,
2019-03-13,2019-03-15,N2O,c,1,6,37,191.6949,60,,,290.3722222,1.00296721,,,,,,,,,,,,,
2019-03-13,2019-03-15,N2O,c,1,6,Yi,187.1862,121,,,290.3722222,1.00296721,,,,,,,,,,,,,
2019-03-13,2019-03-15,N2O,c,1,8,25,183.8602,0,,,290.3722222,1.00296721,,,,,,,,,,,,,
2019-03-13,2019-03-15,N2O,c,1,8,7,188.5154,61,,,290.3722222,1.00296721,,,,,,,,,,,,,
2019-03-13,2019-03-15,N2O,c,1,8,Ai,186.4026,138,,,290.3722222,1.00296721,,,,,,,,,,,,,
2019-03-13,2019-03-15,N2O,c,1,1,39,204.9384,0,,,290.3722222,1.00296721,,,,,,,,,,,,,
2019-03-13,2019-03-15,N2O,c,1,1,Hi,191.2804,60,,,290.3722222,1.00296721,,,,,,,,,,,,,
2019-03-13,2019-03-15,N2O,c,1,1,Bi,187.2085,138,,,290.3722222,1.00296721,,,,,,,,,,,,,
2019-03-13,2019-03-15,N2O,t,2,6,24,214.8336,0,,,290.3722222,1.00296721,,,,,,,,,,,,,
2019-03-13,2019-03-15,N2O,t,2,6,19,212.1888,61,,,290.3722222,1.00296721,,,,,,,,,,,,,
2019-03-13,2019-03-15,N2O,t,2,6,29,205.6056,139,,,290.3722222,1.00296721,,,,,,,,,,,,,
2019-03-13,2019-03-15,N2O,t,2,4,36,207.6285,0,,,290.3722222,1.00296721,,,,,,,,,,,,,
2019-03-13,2019-03-15,N2O,t,2,4,O,196.8684,61,,,290.3722222,1.00296721,,,,,,,,,,,,,
2019-03-13,2019-03-15,N2O,t,2,4,2,199.7125,138,,,290.3722222,1.00296721,,,,,,,,,,,,,
2019-03-13,2019-03-15,N2O,t,2,1,N,200.2403,0,,,290.3722222,1.00296721,,,,,,,,,,,,,
2019-03-13,2019-03-15,N2O,t,2,1,22,213.6084,59,,,290.3722222,1.00296721,,,,,,,,,,,,,
2019-03-13,2019-03-15,N2O,t,2,1,40,207.4308,120,,,290.3722222,1.00296721,,,,,,,,,,,,,
2019-03-13,2019-03-15,N2O,t,2,10,15,189.3690,0,,,290.3722222,1.00296721,,,,,,,,,,,,,
2019-03-13,2019-03-15,N2O,t,2,10,32,198.7232,58,,,290.3722222,1.00296721,,,,,,,,,,,,,
2019-03-13,2019-03-15,N2O,t,2,10,14,195.0420,120,,,290.3722222,1.00296721,,,,,,,,,,,,,
2019-03-13,2019-03-15,N2O,t,2,8,5,193.5904,0,,,290.3722222,1.00296721,,,,,,,,,,,,,
2019-03-13,2019-03-15,N2O,t,2,8,45,198.7864,59,,,290.3722222,1.00296721,,,,,,,,,,,,,
2019-03-13,2019-03-15,N2O,t,2,8,Ki,188.0954,119,,,290.3722222,1.00296721,,,,,,,,,,,,,
2019-03-13,2019-03-15,N2O,c,2,5,4,199.3786,0,,,290.3722222,1.00296721,,,,,,,,,,,,,
2019-03-13,2019-03-15,N2O,c,2,5,6,202.8963,60,,,290.3722222,1.00296721,,,,,,,,,,,,,
2019-03-13,2019-03-15,N2O,c,2,5,M,197.7476,131,,,290.3722222,1.00296721,,,,,,,,,,,,,
2019-03-13,2019-03-15,N2O,c,2,3,11,213.3546,0,,,290.3722222,1.00296721,,,,,,,,,,,,,
2019-03-13,2019-03-15,N2O,c,2,3,47,242.8631,61,,,290.3722222,1.00296721,,,,,,,,,,,,,
2019-03-13,2019-03-15,N2O,c,2,3,43,245.3842,131,,,290.3722222,1.00296721,,,,,,,,,,,,,
2019-03-13,2019-03-15,N2O,c,2,9,1,198.5164,0,,,290.3722222,1.00296721,,,,,,,,,,,,,
2019-03-13,2019-03-15,N2O,c,2,9,13,222.2124,59,,,290.3722222,1.00296721,,,,,,,,,,,,,
2019-03-13,2019-03-15,N2O,c,2,9,26,213.5463,133,,,290.3722222,1.00296721,,,,,,,,,,,,,
2019-03-13,2019-03-15,N2O,c,2,7,21,197.4788,0,,,290.3722222,1.00296721,,,,,,,,,,,,,
2019-03-13,2019-03-15,N2O,c,2,7,34,200.1045,62,,,290.3722222,1.00296721,,,,,,,,,,,,,
2019-03-13,2019-03-15,N2O,c,2,7,12,198.1275,130,,,290.3722222,1.00296721,,,,,,,,,,,,,
2019-03-13,2019-03-15,N2O,c,2,2,20,207.8612,0,,,290.3722222,1.00296721,,,,,,,,,,,,,
2019-03-13,2019-03-15,N2O,c,2,2,31,207.3438,58,,,290.3722222,1.00296721,,,,,,,,,,,,,
2019-03-13,2019-03-15,N2O,c,2,2,Psi,203.4758,135,,,290.3722222,1.00296721,,,,,,,,,,,,,
2019-04-01,2019-04-02,N2O,t,3,1,450,235.4963,0,,,299.2611111,0.99862247,,,,,,,,,,,,,
2019-04-01,2019-04-02,N2O,t,3,1,310,258.1370,62,,,299.2611111,0.99862247,,,,,,,,,,,,,
2019-04-01,2019-04-02,N2O,t,3,1,210,251.6192,125,,,299.2611111,0.99862247,,,,,,,,,,,,,
2019-04-01,2019-04-02,N2O,t,3,7,110,231.8982,0,,,299.2611111,0.99862247,,,,,,,,,,,,,
2019-04-01,2019-04-02,N2O,t,3,7,330,193.7524,63,,,299.2611111,0.99862247,,,,,,,,,,,,,
2019-04-01,2019-04-02,N2O,t,3,7,40,192.9038,120,,,299.2611111,0.99862247,,,,,,,,,,,,,
2019-04-01,2019-04-02,N2O,t,3,3,470,234.2076,0,,,299.2611111,0.99862247,,,,,,,,,,,,,
2019-04-01,2019-04-02,N2O,t,3,3,Lio,207.2888,61,,,299.2611111,0.99862247,,,,,,,,,,,,,
2019-04-01,2019-04-02,N2O,t,3,3,390,226.9086,118,,,299.2611111,0.99862247,,,,,,,,,,,,,
2019-04-01,2019-04-02,N2O,t,3,10,130,237.5614,0,,,299.2611111,0.99862247,,,,,,,,,,,,,
2019-04-01,2019-04-02,N2O,t,3,10,360,229.7257,59,,,299.2611111,0.99862247,,,,,,,,,,,,,
2019-04-01,2019-04-02,N2O,t,3,10,10080,226.9309,115,,,299.2611111,0.99862247,,,,,,,,,,,,,
2019-04-01,2019-04-02,N2O,t,3,6,250,218.2010,0,,,299.2611111,0.99862247,,,,,,,,,,,,,
2019-04-01,2019-04-02,N2O,t,3,6,Ci0,252.9654,56,,,299.2611111,0.99862247,,,,,,,,,,,,,
2019-04-01,2019-04-02,N2O,t,3,6,10110,210.4562,112,,,299.2611111,0.99862247,,,,,,,,,,,,,
2019-04-01,2019-04-02,N2O,c,alt,1,60,223.0650,0,,,299.2611111,0.99862247,,,,,,,,,,,,,
2019-04-01,2019-04-02,N2O,c,alt,1,220,259.9738,59,,,299.2611111,0.99862247,,,,,,,,,,,,,
2019-04-01,2019-04-02,N2O,c,alt,1,AAA,245.8115,114,,,299.2611111,0.99862247,,,,,,,,,,,,,
2019-04-01,2019-04-02,N2O,c,alt,6,410,27.6059,0,,,299.2611111,0.99862247,,,,,,,,,,,,,
2019-04-01,2019-04-02,N2O,c,alt,6,34,202.2149,60,,,299.2611111,0.99862247,,,,,,,,,,,,,
2019-04-01,2019-04-02,N2O,c,alt,6,CCC,210.1913,116,,,299.2611111,0.99862247,,,,,,,,,,,,,
2019-04-01,2019-04-02,N2O,c,alt,10,290,260.3240,0,,,299.2611111,0.99862247,,,,,,,,,,,,,
2019-04-01,2019-04-02,N2O,c,alt,10,Jio,239.1612,58,,,299.2611111,0.99862247,,,,,,,,,,,,,
2019-04-01,2019-04-02,N2O,c,alt,10,DDD,239.0796,115,,,299.2611111,0.99862247,,,,,,,,,,,,,
2019-04-01,2019-04-02,N2O,c,alt,3,70,196.4216,0,,,299.2611111,0.99862247,,,,,,,,,,,,,
2019-04-01,2019-04-02,N2O,c,alt,3,TiO,252.9485,57,,,299.2611111,0.99862247,,,,,,,,,,,,,
2019-04-01,2019-04-02,N2O,c,alt,3,BBB,227.1534,115,,,299.2611111,0.99862247,,,,,,,,,,,,,
2019-04-01,2019-04-02,N2O,c,alt,7,Dio,181.6161,0,,,299.2611111,0.99862247,,,,,,,,,,,,,
2019-04-01,2019-04-02,N2O,c,alt,7,80,247.7105,55,,,299.2611111,0.99862247,,,,,,,,,,,,,
2019-04-01,2019-04-02,N2O,c,alt,7,EEE,196.9137,113,,,299.2611111,0.99862247,,,,,,,,,,,,,
2019-04-01,2019-04-02,N2O,t,alt,8,Xi0,185.5764,0,,,299.2611111,0.99862247,,,,,,,,,,,,,
2019-04-01,2019-04-02,N2O,t,alt,8,260,199.7736,60,,,299.2611111,0.99862247,,,,,,,,,,,,,
2019-04-01,2019-04-02,N2O,t,alt,8,sun 0,221.8042,120,,,299.2611111,0.99862247,,,,,,,,,,,,,
2019-04-01,2019-04-02,N2O,t,alt,9,10010,186.9324,0,,,299.2611111,0.99862247,,,,,,,,,,,,,
2019-04-01,2019-04-02,N2O,t,alt,9,190,263.9368,59,,,299.2611111,0.99862247,,,,,,,,,,,,,
2019-04-01,2019-04-02,N2O,t,alt,9,Star 0,249.1028,118,,,299.2611111,0.99862247,,,,,,,,,,,,,
2019-04-01,2019-04-02,N2O,t,alt,5,10,185.2690,0,,,299.2611111,0.99862247,,,,,,,,,,,,,
2019-04-01,2019-04-02,N2O,t,alt,5,350,227.0964,60,,,299.2611111,0.99862247,,,,,,,,,,,,,
2019-04-01,2019-04-02,N2O,t,alt,5,Heart 0,206.6574,119,,,299.2611111,0.99862247,,,,,,,,,,,,,
2019-04-01,2019-04-02,N2O,t,alt,2,star exclamation,205.1767,0,,,299.2611111,0.99862247,,,,,,,,,,,,,
2019-04-01,2019-04-02,N2O,t,alt,2,170,192.1302,59,,,299.2611111,0.99862247,,,,,,,,,,,,,
2019-04-01,2019-04-02,N2O,t,alt,2,sun,184.6230,117,,,299.2611111,0.99862247,,,,,,,,,,,,,
2019-04-01,2019-04-02,N2O,t,alt,4,T1910,183.1480,0,,,299.2611111,0.99862247,,,,,,,,,,,,,
2019-04-01,2019-04-02,N2O,t,alt,4,Heart,202.0810,60,,,299.2611111,0.99862247,,,,,,,,,,,,,
2019-04-01,2019-04-02,N2O,t,alt,4,Gi0,193.7374,120,,,299.2611111,0.99862247,,,,,,,,,,,,,
2019-04-01,2019-04-02,N2O,c,3,8,400,182.1612,0,,,299.2611111,0.99862247,,,,,,,,,,,,,
2019-04-01,2019-04-02,N2O,c,3,8,10090,190.3374,63,,,299.2611111,0.99862247,,,,,,,,,,,,,
2019-04-01,2019-04-02,N2O,c,3,8,200,219.5264,121,,,299.2611111,0.99862247,,,,,,,,,,,,,
2019-04-01,2019-04-02,N2O,c,3,9,120,183.4084,0,,,299.2611111,0.99862247,,,,,,,,,,,,,
2019-04-01,2019-04-02,N2O,c,3,9,10100,216.3268,50,,,299.2611111,0.99862247,,,,,,,,,,,,,
2019-04-01,2019-04-02,N2O,c,3,9,500,225.0870,121,,,299.2611111,0.99862247,,,,,,,,,,,,,
2019-04-01,2019-04-02,N2O,c,3,5,Bi0,190.1073,0,,,299.2611111,0.99862247,,,,,,,,,,,,,
2019-04-01,2019-04-02,N2O,c,3,5,140,217.4637,63,,,299.2611111,0.99862247,,,,,,,,,,,,,
2019-04-01,2019-04-02,N2O,c,3,5,430,198.2320,119,,,299.2611111,0.99862247,,,,,,,,,,,,,
2019-04-01,2019-04-02,N2O,c,3,4,M00,193.4656,0,,,299.2611111,0.99862247,,,,,,,,,,,,,
2019-04-01,2019-04-02,N2O,c,3,4,Aio,207.5074,60,,,299.2611111,0.99862247,,,,,,,,,,,,,
2019-04-01,2019-04-02,N2O,c,3,4,370,195.0268,120,,,299.2611111,0.99862247,,,,,,,,,,,,,
2019-04-01,2019-04-02,N2O,c,3,1,320,186.1355,0,,,299.2611111,0.99862247,,,,,,,,,,,,,
2019-04-01,2019-04-02,N2O,c,3,1,10060,178.6884,60,,,299.2611111,0.99862247,,,,,,,,,,,,,
2019-04-01,2019-04-02,N2O,c,3,1,240,192.9770,120,,,299.2611111,0.99862247,,,,,,,,,,,,,
2019-04-04,2019-04-05,N2O,t,4,2,Bioo,185.8382,0,,,289.2611111,1.00229879,,,,,,,,,,,,,
2019-04-04,2019-04-05,N2O,t,4,2,3500,201.8184,61,,,289.2611111,1.00229879,,,,,,,,,,,,,
2019-04-04,2019-04-05,N2O,t,4,2,3200,211.1348,120,,,289.2611111,1.00229879,,,,,,,,,,,,,
2019-04-04,2019-04-05,N2O,t,4,7,1700,196.6344,0,,,289.2611111,1.00229879,,,,,,,,,,,,,
2019-04-04,2019-04-05,N2O,t,4,7,5000,221.0584,50,,,289.2611111,1.00229879,,,,,,,,,,,,,
2019-04-04,2019-04-05,N2O,t,4,7,100600,229.1876,113,,,289.2611111,1.00229879,,,,,,,,,,,,,
2019-04-04,2019-04-05,N2O,t,4,3,4000,186.9175,0,,,289.2611111,1.00229879,,,,,,,,,,,,,
2019-04-04,2019-04-05,N2O,t,4,3,1200,215.7334,58,,,289.2611111,1.00229879,,,,,,,,,,,,,
2019-04-04,2019-04-05,N2O,t,4,3,Aioo,239.3067,118,,,289.2611111,1.00229879,,,,,,,,,,,,,
2019-04-04,2019-04-05,N2O,t,4,4,101000,217.9896,0,,,289.2611111,1.00229879,,,,,,,,,,,,,
2019-04-04,2019-04-05,N2O,t,4,4,XIOO,198.3380,58,,,289.2611111,1.00229879,,,,,,,,,,,,,
2019-04-04,2019-04-05,N2O,t,4,4,100,208.0510,118,,,289.2611111,1.00229879,,,,,,,,,,,,,
2019-04-04,2019-04-05,N2O,c,4,1,Cioo,213.6802,0,,,289.2611111,1.00229879,,,,,,,,,,,,,
2019-04-04,2019-04-05,N2O,c,4,1,,,65,,,289.2611111,1.00229879,,,,,,,,,,,,,
2019-04-04,2019-04-05,N2O,c,4,1,1400,231.3432,119,,,289.2611111,1.00229879,,,,,,,,,,,,,
2019-04-04,2019-04-05,N2O,c,4,8,2900,227.9604,0,,,289.2611111,1.00229879,,,,,,,,,,,,,
2019-04-04,2019-04-05,N2O,c,4,8,2500,203.9970,57,,,289.2611111,1.00229879,,,,,,,,,,,,,
2019-04-04,2019-04-05,N2O,c,4,8,3400,216.7762,61,,,289.2611111,1.00229879,,,,,,,,,,,,,
2019-04-04,2019-04-05,N2O,c,4,6,DDDO,198.5363,0,,,289.2611111,1.00229879,,,,,,,,,,,,,
2019-04-04,2019-04-05,N2O,c,4,6,2100,205.4501,60,,,289.2611111,1.00229879,,,,,,,,,,,,,
2019-04-04,2019-04-05,N2O,c,4,6,Love,221.2512,118,,,289.2611111,1.00229879,,,,,,,,,,,,,
2019-04-04,2019-04-05,N2O,c,4,9,Tioo,196.6904,0,,,289.2611111,1.00229879,,,,,,,,,,,,,
2019-04-04,2019-04-05,N2O,c,4,9,Mooo,207.7211,60,,,289.2611111,1.00229879,,,,,,,,,,,,,
2019-04-04,2019-04-05,N2O,c,4,9,Dolor,208.5085,118,,,289.2611111,1.00229879,,,,,,,,,,,,,
2019-04-04,2019-04-05,N2O,t,5,1,400,196.9463,0,,,289.2611111,1.00229879,,,,,,,,,,,,,
2019-04-04,2019-04-05,N2O,t,5,1,4300,211.4946,64,,,289.2611111,1.00229879,,,,,,,,,,,,,
2019-04-04,2019-04-05,N2O,t,5,1,Gioo,226.3500,122,,,289.2611111,1.00229879,,,,,,,,,,,,,
2019-04-04,2019-04-05,N2O,t,5,8,200,199.9058,0,,,289.2611111,1.00229879,,,,,,,,,,,,,
2019-04-04,2019-04-05,N2O,t,5,8,"star,!,o",196.0106,55,,,289.2611111,1.00229879,,,,,,,,,,,,,
2019-04-04,2019-04-05,N2O,t,5,8,260,232.4014,111,,,289.2611111,1.00229879,,,,,,,,,,,,,
2019-04-04,2019-04-05,N2O,t,5,6,<30,206.3598,0,,,289.2611111,1.00229879,,,,,,,,,,,,,
2019-04-04,2019-04-05,N2O,t,5,6,,,56,,,289.2611111,1.00229879,,,,,,,,,,,,,
2019-04-04,2019-04-05,N2O,t,5,6,3700,196.9702,111,,,289.2611111,1.00229879,,,,,,,,,,,,,
2019-04-04,2019-04-05,N2O,t,5,9,Dioo,237.3612,0,,,289.2611111,1.00229879,,,,,,,,,,,,,
2019-04-04,2019-04-05,N2O,t,5,9,Jioo,244.0730,54,,,289.2611111,1.00229879,,,,,,,,,,,,,
2019-04-04,2019-04-05,N2O,t,5,9,BBB0,251.0984,110,,,289.2611111,1.00229879,,,,,,,,,,,,,
2019-04-04,2019-04-05,N2O,c,5,5,10080,256.9860,0,,,289.2611111,1.00229879,,,,,,,,,,,,,
2019-04-04,2019-04-05,N2O,c,5,5,Star00,222.2322,60,,,289.2611111,1.00229879,,,,,,,,,,,,,
2019-04-04,2019-04-05,N2O,c,5,5,"star,0",274.9646,120,,,289.2611111,1.00229879,,,,,,,,,,,,,
2019-04-04,2019-04-05,N2O,c,5,10,3300,249.6893,0,,,289.2611111,1.00229879,,,,,,,,,,,,,
2019-04-04,2019-04-05,N2O,c,5,10,AAA0,234.0380,60,,,289.2611111,1.00229879,,,,,,,,,,,,,
2019-04-04,2019-04-05,N2O,c,5,10,10090,241.6594,123,,,289.2611111,1.00229879,,,,,,,,,,,,,
2019-04-04,2019-04-05,N2O,c,5,2,4500,272.4673,0,,,289.2611111,1.00229879,,,,,,,,,,,,,
2019-04-04,2019-04-05,N2O,c,5,2,2400,273.5815,60,,,289.2611111,1.00229879,,,,,,,,,,,,,
2019-04-04,2019-04-05,N2O,c,5,2,1300,255.8160,120,,,289.2611111,1.00229879,,,,,,,,,,,,,
2019-04-04,2019-04-05,N2O,c,5,7,2200,262.3029,0,,,289.2611111,1.00229879,,,,,,,,,,,,,
2019-04-04,2019-04-05,N2O,c,5,7,100100,207.8994,57,,,289.2611111,1.00229879,,,,,,,,,,,,,
2019-04-04,2019-04-05,N2O,c,5,7,150,271.4664,117,,,289.2611111,1.00229879,,,,,,,,,,,,,
2019-04-04,2019-04-05,N2O,c,5,3,heart00,217.9268,0,,,289.2611111,1.00229879,,,,,,,,,,,,,
2019-04-04,2019-04-05,N2O,c,5,3,3100,260.2762,60,,,289.2611111,1.00229879,,,,,,,,,,,,,
2019-04-04,2019-04-05,N2O,c,5,3,1100,251.2620,120,,,289.2611111,1.00229879,,,,,,,,,,,,,
2019-04-04,2019-04-05,N2O,c,5,4,3900,263.3081,0,,,289.2611111,1.00229879,,,,,,,,,,,,,
2019-04-04,2019-04-05,N2O,c,5,4,EEE00,253.5536,60,,,289.2611111,1.00229879,,,,,,,,,,,,,
2019-04-04,2019-04-05,N2O,c,5,4,YO,228.5628,120,,,289.2611111,1.00229879,,,,,,,,,,,,,
2019-04-18,2019-04-19,N2O,t,3,9,o80,204.0012,0,,,302.0388889,1.00296721,,,,,,,,,,,,,
2019-04-18,2019-04-19,N2O,t,3,9,2000,214.1757,56,,,302.0388889,1.00296721,,,,,,,,,,,,,
2019-04-18,2019-04-19,N2O,t,3,9,star!00,222.6638,118,,,302.0388889,1.00296721,,,,,,,,,,,,,
2019-04-18,2019-04-19,N2O,t,3,10,43000,204.1078,0,,,302.0388889,1.00296721,,,,,,,,,,,,,
2019-04-18,2019-04-19,N2O,t,3,10,heart00,205.5018,66,,,302.0388889,1.00296721,,,,,,,,,,,,,
2019-04-18,2019-04-19,N2O,t,3,10,co2o,204.6870,129,,,302.0388889,1.00296721,,,,,,,,,,,,,
2019-04-18,2019-04-19,N2O,t,3,2,Jiooo,199.3934,0,,,302.0388889,1.00296721,,,,,,,,,,,,,
2019-04-18,2019-04-19,N2O,t,3,2,Giooo,197.5048,54,,,302.0388889,1.00296721,,,,,,,,,,,,,
2019-04-18,2019-04-19,N2O,t,3,2,star!00,193.3953,114,,,302.0388889,1.00296721,,,,,,,,,,,,,
2019-04-18,2019-04-19,N2O,t,3,3,BBB0,193.8314,0,,,302.0388889,1.00296721,,,,,,,,,,,,,
2019-04-18,2019-04-19,N2O,t,3,3,37000,196.1723,56,,,302.0388889,1.00296721,,,,,,,,,,,,,
2019-04-18,2019-04-19,N2O,t,3,3,XXX0,196.6166,114,,,302.0388889,1.00296721,,,,,,,,,,,,,
2019-04-18,2019-04-19,N2O,t,6,8,24000,203.2094,0,,,302.0388889,1.00296721,,,,,,,,,,,,,
2019-04-18,2019-04-19,N2O,t,6,8,1001000,198.0300,61,,,302.0388889,1.00296721,,,,,,,,,,,,,
2019-04-18,2019-04-19,N2O,t,6,8,33000,198.3342,128,,,302.0388889,1.00296721,,,,,,,,,,,,,
2019-04-18,2019-04-19,N2O,t,6,6,39000,209.1682,0,,,302.0388889,1.00296721,,,,,,,,,,,,,
2019-04-18,2019-04-19,N2O,t,6,6,15000,205.6366,57,,,302.0388889,1.00296721,,,,,,,,,,,,,
2019-04-18,2019-04-19,N2O,t,6,6,heart000,199.6193,120,,,302.0388889,1.00296721,,,,,,,,,,,,,
2019-04-18,2019-04-19,N2O,t,6,7,11000,200.1046,0,,,302.0388889,1.00296721,,,,,,,,,,,,,
2019-04-18,2019-04-19,N2O,t,6,7,13000,207.1460,57,,,302.0388889,1.00296721,,,,,,,,,,,,,
2019-04-18,2019-04-19,N2O,t,6,7,45000,201.1964,122,,,302.0388889,1.00296721,,,,,,,,,,,,,
2019-04-18,2019-04-19,N2O,t,6,1,Sun000,196.5183,0,,,302.0388889,1.00296721,,,,,,,,,,,,,
2019-04-18,2019-04-19,N2O,t,6,1,AAA00,205.2966,65,,,302.0388889,1.00296721,,,,,,,,,,,,,
2019-04-18,2019-04-19,N2O,t,6,1,EEE0000,214.5570,128,,,302.0388889,1.00296721,,,,,,,,,,,,,
2019-04-18,2019-04-19,N2O,t,6,4,YOO,198.4584,0,,,302.0388889,1.00296721,,,,,,,,,,,,,
2019-04-18,2019-04-19,N2O,t,6,4,10090,200.2485,55,,,302.0388889,1.00296721,,,,,,,,,,,,,
2019-04-18,2019-04-19,N2O,t,6,4,22000,207.8397,115,,,302.0388889,1.00296721,,,,,,,,,,,,,
2019-04-18,2019-04-19,N2O,c,6,3,12000,193.5018,0,,,302.0388889,1.00296721,,,,,,,,,,,,,
2019-04-18,2019-04-19,N2O,c,6,3,Ai000,197.7196,58,,,302.0388889,1.00296721,,,,,,,,,,,,,
2019-04-18,2019-04-19,N2O,c,6,3,40000,199.7349,118,,,302.0388889,1.00296721,,,,,,,,,,,,,
2019-04-18,2019-04-19,N2O,c,6,10,L1,194.8106,0,,,302.0388889,1.00296721,,,,,,,,,,,,,
2019-04-18,2019-04-19,N2O,c,6,10,17000,200.8542,60,,,302.0388889,1.00296721,,,,,,,,,,,,,
2019-04-18,2019-04-19,N2O,c,6,10,Xi000,196.8112,118,,,302.0388889,1.00296721,,,,,,,,,,,,,
2019-04-18,2019-04-19,N2O,c,6,2,1000,196.0578,0,,,302.0388889,1.00296721,,,,,,,,,,,,,
2019-04-18,2019-04-19,N2O,c,6,2,L3,204.2300,60,,,302.0388889,1.00296721,,,,,,,,,,,,,
2019-04-18,2019-04-19,N2O,c,6,2,Bioo,212.8770,114,,,302.0388889,1.00296721,,,,,,,,,,,,,
2019-04-18,2019-04-19,N2O,c,6,9,!,193.2372,0,,,302.0388889,1.00296721,,,,,,,,,,,,,
2019-04-18,2019-04-19,N2O,c,6,9,32000,203.0483,60,,,302.0388889,1.00296721,,,,,,,,,,,,,
2019-04-18,2019-04-19,N2O,c,6,9,35000,204.9940,116,,,302.0388889,1.00296721,,,,,,,,,,,,,
2019-04-18,2019-04-19,N2O,c,3,4,p11,191.2610,0,,,302.0388889,1.00296721,,,,,,,,,,,,,
2019-04-18,2019-04-19,N2O,c,3,4,SPR,188.8853,62,,,302.0388889,1.00296721,,,,,,,,,,,,,
2019-04-18,2019-04-19,N2O,c,3,4,VEE,194.1042,122,,,302.0388889,1.00296721,,,,,,,,,,,,,
2019-04-18,2019-04-19,N2O,c,3,1,P7,189.3982,0,,,302.0388889,1.00296721,,,,,,,,,,,,,
2019-04-18,2019-04-19,N2O,c,3,1,P4,196.7748,64,,,302.0388889,1.00296721,,,,,,,,,,,,,
2019-04-18,2019-04-19,N2O,c,3,1,P3,193.6474,125,,,302.0388889,1.00296721,,,,,,,,,,,,,
2019-04-18,2019-04-19,N2O,c,3,8,4700,192.1195,0,,,302.0388889,1.00296721,,,,,,,,,,,,,
2019-04-18,2019-04-19,N2O,c,3,8,P8,187.3096,57,,,302.0388889,1.00296721,,,,,,,,,,,,,
2019-04-18,2019-04-19,N2O,c,3,8,P5,187.0403,120,,,302.0388889,1.00296721,,,,,,,,,,,,,
2019-04-18,2019-04-19,N2O,c,3,6,P6,188.7932,0,,,302.0388889,1.00296721,,,,,,,,,,,,,
2019-04-18,2019-04-19,N2O,c,3,6,P2,192.1723,58,,,302.0388889,1.00296721,,,,,,,,,,,,,
2019-04-18,2019-04-19,N2O,c,3,6,400001,189.7831,118,,,302.0388889,1.00296721,,,,,,,,,,,,,
2019-04-18,2019-04-19,N2O,c,3,7,P12,190.2044,0,,,302.0388889,1.00296721,,,,,,,,,,,,,
2019-04-18,2019-04-19,N2O,c,3,7,HOLA,192.2121,56,,,302.0388889,1.00296721,,,,,,,,,,,,,
2019-04-18,2019-04-19,N2O,c,3,7,P1,190.8928,117,,,302.0388889,1.00296721,,,,,,,,,,,,,
2019-04-23,2019-04-25,N2O,c,2,6,OJ,218.3409,0,,,304.2611111,0.9996251,,,,,,,,,,,,,
2019-04-23,2019-04-25,N2O,c,2,6,OA,227.7900,70,,,304.2611111,0.9996251,,,,,,,,,,,,,
2019-04-23,2019-04-25,N2O,c,2,6,OB,212.4241,130,,,304.2611111,0.9996251,,,,,,,,,,,,,
2019-04-23,2019-04-25,N2O,c,2,7,OK,197.5024,0,,,304.2611111,0.9996251,,,,,,,,,,,,,
2019-04-23,2019-04-25,N2O,c,2,7,OH,200.4488,69,,,304.2611111,0.9996251,,,,,,,,,,,,,
2019-04-23,2019-04-25,N2O,c,2,7,OE,204.8215,128,,,304.2611111,0.9996251,,,,,,,,,,,,,
2019-04-23,2019-04-25,N2O,c,2,8,ON,184.5410,0,,,304.2611111,0.9996251,,,,,,,,,,,,,
2019-04-23,2019-04-25,N2O,c,2,8,OO,188.6364,61,,,304.2611111,0.9996251,,,,,,,,,,,,,
2019-04-23,2019-04-25,N2O,c,2,8,OD,190.2385,121,,,304.2611111,0.9996251,,,,,,,,,,,,,
2019-04-23,2019-04-25,N2O,c,2,4,OM,180.8762,0,,,304.2611111,0.9996251,,,,,,,,,,,,,
2019-04-23,2019-04-25,N2O,c,2,4,OF,186.0770,57,,,304.2611111,0.9996251,,,,,,,,,,,,,
2019-04-23,2019-04-25,N2O,c,2,4,OI,185.7602,118,,,304.2611111,0.9996251,,,,,,,,,,,,,
2019-04-23,2019-04-25,N2O,c,2,1,OC,181.9239,0,,,304.2611111,0.9996251,,,,,,,,,,,,,
2019-04-23,2019-04-25,N2O,c,2,1,OL,189.8849,59,,,304.2611111,0.9996251,,,,,,,,,,,,,
2019-04-23,2019-04-25,N2O,c,2,1,OG,184.8143,119,,,304.2611111,0.9996251,,,,,,,,,,,,,
2019-04-23,2019-04-25,N2O,t,1,6,IV,185.2562,0,,,304.2611111,0.9996251,,,,,,,,,,,,,
2019-04-23,2019-04-25,N2O,t,1,6,ABB,183.8792,72,,,304.2611111,0.9996251,,,,,,,,,,,,,
2019-04-23,2019-04-25,N2O,t,1,6,1Y,183.8439,130,,,304.2611111,0.9996251,,,,,,,,,,,,,
2019-04-23,2019-04-25,N2O,t,1,7,2E,189.6465,0,,,304.2611111,0.9996251,,,,,,,,,,,,,
2019-04-23,2019-04-25,N2O,t,1,7,PSI,200.8415,65,,,304.2611111,0.9996251,,,,,,,,,,,,,
2019-04-23,2019-04-25,N2O,t,1,7,2F,196.8429,123,,,304.2611111,0.9996251,,,,,,,,,,,,,
2019-04-23,2019-04-25,N2O,t,1,8,ABC,195.9825,0,,,304.2611111,0.9996251,,,,,,,,,,,,,
2019-04-23,2019-04-25,N2O,t,1,8,M1,198.9635,60,,,304.2611111,0.9996251,,,,,,,,,,,,,
2019-04-23,2019-04-25,N2O,t,1,8,ACD,190.2828,120,,,304.2611111,0.9996251,,,,,,,,,,,,,
2019-04-23,2019-04-25,N2O,t,1,4,2D,198.9425,0,,,304.2611111,0.9996251,,,,,,,,,,,,,
2019-04-23,2019-04-25,N2O,t,1,4,X1,206.8648,59,,,304.2611111,0.9996251,,,,,,,,,,,,,
2019-04-23,2019-04-25,N2O,t,1,4,2C,185.0643,120,,,304.2611111,0.9996251,,,,,,,,,,,,,
2019-04-23,2019-04-25,N2O,t,1,1,2A,192.4905,0,,,304.2611111,0.9996251,,,,,,,,,,,,,
2019-04-23,2019-04-25,N2O,t,1,1,2B,194.4727,59,,,304.2611111,0.9996251,,,,,,,,,,,,,
2019-04-23,2019-04-25,N2O,t,1,1,21,196.1354,120,,,304.2611111,0.9996251,,,,,,,,,,,,,
2019-04-23,2019-04-25,N2O,t,2,5,Oy,191.4898,0,,,304.2611111,0.9996251,,,,,,,,,,,,,
2019-04-23,2019-04-25,N2O,t,2,5,OX,233.0670,69,,,304.2611111,0.9996251,,,,,,,,,,,,,
2019-04-23,2019-04-25,N2O,t,2,5,OP,185.6698,126,,,304.2611111,0.9996251,,,,,,,,,,,,,
2019-04-23,2019-04-25,N2O,t,2,10,IB,188.7753,0,,,304.2611111,0.9996251,,,,,,,,,,,,,
2019-04-23,2019-04-25,N2O,t,2,10,OU,196.9108,66,,,304.2611111,0.9996251,,,,,,,,,,,,,
2019-04-23,2019-04-25,N2O,t,2,10,IA,284.9206,123,,,304.2611111,0.9996251,,,,,,,,,,,,,
2019-04-23,2019-04-25,N2O,t,2,9,OW,194.8584,0,,,304.2611111,0.9996251,,,,,,,,,,,,,
2019-04-23,2019-04-25,N2O,t,2,9,OV,189.2182,64,,,304.2611111,0.9996251,,,,,,,,,,,,,
2019-04-23,2019-04-25,N2O,t,2,9,OQ,185.4390,122,,,304.2611111,0.9996251,,,,,,,,,,,,,
2019-04-23,2019-04-25,N2O,t,2,3,OZ,182.1382,0,,,304.2611111,0.9996251,,,,,,,,,,,,,
2019-04-23,2019-04-25,N2O,t,2,3,ID,177.0367,59,,,304.2611111,0.9996251,,,,,,,,,,,,,
2019-04-23,2019-04-25,N2O,t,2,3,IC,181.3042,116,,,304.2611111,0.9996251,,,,,,,,,,,,,
2019-04-23,2019-04-25,N2O,t,2,2,OT,197.2865,0,,,304.2611111,0.9996251,,,,,,,,,,,,,
2019-04-23,2019-04-25,N2O,t,2,2,OR,181.3606,58,,,304.2611111,0.9996251,,,,,,,,,,,,,
2019-04-23,2019-04-25,N2O,t,2,2,o5,179.5377,114,,,304.2611111,0.9996251,,,,,,,,,,,,,
2019-05-07,2019-05-09,N2O,c,1,8,2C,313.1603,0,,,294.2611111,1.00229879,,,,,,,,,,,,,
2019-05-07,2019-05-09,N2O,c,1,8,OQ,267.9546,71,,,294.2611111,1.00229879,,,,,,,,,,,,,
2019-05-07,2019-05-09,N2O,c,1,8,1A,273.4982,136,,,294.2611111,1.00229879,,,,,,,,,,,,,
2019-05-07,2019-05-09,N2O,c,1,7,OM,241.8738,0,,,294.2611111,1.00229879,,,,,,,,,,,,,
2019-05-07,2019-05-09,N2O,c,1,7,2D,215.9937,65,,,294.2611111,1.00229879,,,,,,,,,,,,,
2019-05-07,2019-05-09,N2O,c,1,7,OI,232.1636,120,,,294.2611111,1.00229879,,,,,,,,,,,,,
2019-05-07,2019-05-09,N2O,c,1,5,OA,264.3626,0,,,294.2611111,1.00229879,,,,,,,,,,,,,
2019-05-07,2019-05-09,N2O,c,1,5,OB,212.6148,63,,,294.2611111,1.00229879,,,,,,,,,,,,,
2019-05-07,2019-05-09,N2O,c,1,5,OC,252.0522,117,,,294.2611111,1.00229879,,,,,,,,,,,,,
2019-05-07,2019-05-09,N2O,c,1,10,2B,192.6258,0,,,294.2611111,1.00229879,,,,,,,,,,,,,
2019-05-07,2019-05-09,N2O,c,1,10,ON,210.9432,60,,,294.2611111,1.00229879,,,,,,,,,,,,,
2019-05-07,2019-05-09,N2O,c,1,10,1C,204.0590,115,,,294.2611111,1.00229879,,,,,,,,,,,,,
2019-05-07,2019-05-09,N2O,c,1,6,M1,221.9258,0,,,294.2611111,1.00229879,,,,,,,,,,,,,
2019-05-07,2019-05-09,N2O,c,1,6,OJ,213.7242,59,,,294.2611111,1.00229879,,,,,,,,,,,,,
2019-05-07,2019-05-09,N2O,c,1,6,OR,267.3956,124,,,294.2611111,1.00229879,,,,,,,,,,,,,
2019-05-08,2019-05-09,N2O,c,4,6,24000,207.2157,0,,,294.2611,1.002299,,,,,,,,,,,,,
2019-05-08,2019-05-09,N2O,c,4,6,P5,189.3374,63,,,294.2611,1.002299,,,,,,,,,,,,,
2019-05-08,2019-05-09,N2O,c,4,6,47000,207.9619,126,,,294.2611,1.002299,,,,,,,,,,,,,
2019-05-08,2019-05-09,N2O,c,4,,13000,205.3747,0,,,294.2611,1.002299,,,,,,,,,,,,,
2019-05-08,2019-05-09,N2O,c,4,,P6,206.4553,57,,,294.2611,1.002299,,,,,,,,,,,,,
2019-05-08,2019-05-09,N2O,c,4,,Y00,258.3168,122,,,294.2611,1.002299,,,,,,,,,,,,,
2019-05-08,2019-05-09,N2O,c,4,,P12,248.7143,0,,,294.2611,1.002299,,,,,,,,,,,,,
2019-05-08,2019-05-09,N2O,c,4,,33000,223.7186,56,,,294.2611,1.002299,,,,,,,,,,,,,
2019-05-08,2019-05-09,N2O,c,4,,P7,225.1634,120,,,294.2611,1.002299,,,,,,,,,,,,,
2019-05-08,2019-05-09,N2O,c,4,,Co21 *not co2 standard,217.6694,0,,,294.2611,1.002299,,,,,,,,,,,,,
2019-05-08,2019-05-09,N2O,c,4,,11000,254.3848,53,,,294.2611,1.002299,,,,,,,,,,,,,
2019-05-08,2019-05-09,N2O,c,4,,heart000,220.1166,116,,,294.2611,1.002299,,,,,,,,,,,,,
2019-05-08,2019-05-09,N2O,c,4,,P4,231.8370,0,,,294.2611,1.002299,,,,,,,,,,,,,
2019-05-08,2019-05-09,N2O,c,4,,22000,258.3366,55,,,294.2611,1.002299,,,,,,,,,,,,,
2019-05-08,2019-05-09,N2O,c,4,,P3,196.8550,116,,,294.2611,1.002299,,,,,,,,,,,,,
2019-05-08,2019-05-09,N2O,c,alt,,45000,216.7136,0,,,294.2611,1.002299,,,,,,,,,,,,,
2019-05-08,2019-05-09,N2O,c,alt,,p11,233.1558,65,,,294.2611,1.002299,,,,,,,,,,,,,
2019-05-08,2019-05-09,N2O,c,alt,,pB(8?),205.5694,127,,,294.2611,1.002299,,,,,,,,,,,,,
2019-05-08,2019-05-09,N2O,c,alt,,star000,217.2918,0,,,294.2611,1.002299,,,,,,,,,,,,,
2019-05-08,2019-05-09,N2O,c,alt,,100100,240.1510,65,,,294.2611,1.002299,,,,,,,,,,,,,
2019-05-08,2019-05-09,N2O,c,alt,,p1,205.2958,129,,,294.2611,1.002299,,,,,,,,,,,,,
2019-05-08,2019-05-09,N2O,c,alt,,39000,222.6995,0,,,294.2611,1.002299,,,,,,,,,,,,,
2019-05-08,2019-05-09,N2O,c,alt,,1M,282.3902,62,,,294.2611,1.002299,,,,,,,,,,,,,
2019-05-08,2019-05-09,N2O,c,alt,,P2,231.3582,126,,,294.2611,1.002299,,,,,,,,,,,,,
2019-05-08,2019-05-09,N2O,c,alt,,400001,228.9853,0,,,294.2611,1.002299,,,,,,,,,,,,,
2019-05-08,2019-05-09,N2O,c,alt,,1J,223.4312,58,,,294.2611,1.002299,,,,,,,,,,,,,
2019-05-08,2019-05-09,N2O,c,alt,,Psi,202.9903,122,,,294.2611,1.002299,,,,,,,,,,,,,
2019-05-08,2019-05-09,N2O,t,4,,IL,247.9030,0,,,294.2611,1.002299,,,,,,,,,,,,,
2019-05-08,2019-05-09,N2O,t,4,,Li,213.5644,67,,,294.2611,1.002299,,,,,,,,,,,,,
2019-05-08,2019-05-09,N2O,t,4,,IR,210.7618,129,,,294.2611,1.002299,,,,,,,,,,,,,
2019-05-08,2019-05-09,N2O,t,4,,LO,224.7124,0,,,294.2611,1.002299,,,,,,,,,,,,,
2019-05-08,2019-05-09,N2O,t,4,,OL,267.2449,65,,,294.2611,1.002299,,,,,,,,,,,,,
2019-05-08,2019-05-09,N2O,t,4,,OO,212.9110,126,,,294.2611,1.002299,,,,,,,,,,,,,
2019-05-08,2019-05-09,N2O,t,4,,1G,238.9278,0,,,294.2611,1.002299,,,,,,,,,,,,,
2019-05-08,2019-05-09,N2O,t,4,,OD,207.6410,63,,,294.2611,1.002299,,,,,,,,,,,,,
2019-05-08,2019-05-09,N2O,t,4,,OG,218.3726,124,,,294.2611,1.002299,,,,,,,,,,,,,
2019-05-08,2019-05-09,N2O,t,4,,1D,225.8636,0,,,294.2611,1.002299,,,,,,,,,,,,,
2019-05-08,2019-05-09,N2O,t,4,,10,216.1478,64,,,294.2611,1.002299,,,,,,,,,,,,,
2019-05-08,2019-05-09,N2O,t,4,,OK,229.1920,124,,,294.2611,1.002299,,,,,,,,,,,,,
2019-05-08,2019-05-09,N2O,t,4,,OE,197.1070,0,,,294.2611,1.002299,,,,,,,,,,,,,
2019-05-08,2019-05-09,N2O,t,4,,OF,222.3578,53,,,294.2611,1.002299,,,,,,,,,,,,,
2019-05-08,2019-05-09,N2O,t,4,,OS,218.6308,112,,,294.2611,1.002299,,,,,,,,,,,,,
2019-05-08,2019-05-09,N2O,t,alt,,2F,212.5602,0,,,294.2611,1.002299,,,,,,,,,,,,,
2019-05-08,2019-05-09,N2O,t,alt,,ABC,253.7244,68,,,294.2611,1.002299,,,,,,,,,,,,,
2019-05-08,2019-05-09,N2O,t,alt,,2A,286.6060,130,,,294.2611,1.002299,,,,,,,,,,,,,
2019-05-08,2019-05-09,N2O,t,alt,,ACD,231.0681,0,,,294.2611,1.002299,,,,,,,,,,,,,
2019-05-08,2019-05-09,N2O,t,alt,,XI,277.0810,65,,,294.2611,1.002299,,,,,,,,,,,,,
2019-05-08,2019-05-09,N2O,t,alt,,IQ,266.4338,131,,,294.2611,1.002299,,,,,,,,,,,,,
2019-05-08,2019-05-09,N2O,t,alt,,IV,263.6260,0,,,294.2611,1.002299,,,,,,,,,,,,,
2019-05-08,2019-05-09,N2O,t,alt,,15,224.1983,64,,,294.2611,1.002299,,,,,,,,,,,,,
2019-05-08,2019-05-09,N2O,t,alt,,IE,263.4618,129,,,294.2611,1.002299,,,,,,,,,,,,,
2019-05-08,2019-05-09,N2O,t,alt,,2E,212.9044,0,,,294.2611,1.002299,,,,,,,,,,,,,
2019-05-08,2019-05-09,N2O,t,alt,,IN,197.6482,61,,,294.2611,1.002299,,,,,,,,,,,,,
2019-05-08,2019-05-09,N2O,t,alt,,IP,248.8610,126,,,294.2611,1.002299,,,,,,,,,,,,,
2019-05-08,2019-05-09,N2O,t,alt,,IY,244.4326,0,,,294.2611,1.002299,,,,,,,,,,,,,
2019-05-08,2019-05-09,N2O,t,alt,,21,198.4222,61,,,294.2611,1.002299,,,,,,,,,,,,,
2019-05-08,2019-05-09,N2O,t,alt,,Ik,237.3486,125,,,294.2611,1.002299,,,,,,,,,,,,,
2019-10-23,2019-10-24,N2O,c,1,3,IE,1152.0942,0,,,,,,,,,,,,,,,,,
2019-10-23,2019-10-24,N2O,c,1,2,IQ,1157.2696,0,,,,,,,,,,,,,,,,,
2019-10-23,2019-10-24,N2O,c,1,4,OB,1161.0152,0,,,,,,,,,,,,,,,,,
2019-10-23,2019-10-24,N2O,c,1,5,P5,1131.5288,0,,,,,,,,,,,,,,,,,
2019-10-23,2019-10-24,N2O,c,1,7,PSI,1146.0296,0,,,,,,,,,,,,,,,,,
2019-10-23,2019-10-24,N2O,c,1,3,OOO,1212.6732,70,,,,,,,,,,,,,,,,,
2019-10-23,2019-10-24,N2O,c,1,2,LY,1154.0550,68,,,,,,,,,,,,,,,,,
2019-10-23,2019-10-24,N2O,c,1,4,M1,1176.2946,64,,,,,,,,,,,,,,,,,
2019-10-23,2019-10-24,N2O,c,1,5,E,1203.6324,59,,,,,,,,,,,,,,,,,
2019-10-23,2019-10-24,N2O,c,1,7,P4,1159.6256,57,,,,,,,,,,,,,,,,,
2019-10-23,2019-10-24,N2O,c,1,3,G,1153.7540,126,,,,,,,,,,,,,,,,,
2019-10-23,2019-10-24,N2O,c,1,2,1P,1159.4628,126,,,,,,,,,,,,,,,,,
2019-10-23,2019-10-24,N2O,c,1,4,PS1,1178.7082,123,,,,,,,,,,,,,,,,,
2019-10-23,2019-10-24,N2O,c,1,5,13000,1171.6864,118,,,,,,,,,,,,,,,,,
2019-10-23,2019-10-24,N2O,c,1,7,3,1177.5736,117,,,,,,,,,,,,,,,,,
2019-10-23,2019-10-24,N2O,t,1,6,50000,1156.8642,0,,,,,,,,,,,,,,,,,
2019-10-23,2019-10-24,N2O,t,1,X,Fy,,,,,,,,,,,,,,,,,,,
2019-10-23,2019-10-24,N2O,t,1,9,2D,1156.9824,0,,,,,,,,,,,,,,,,,
2019-10-23,2019-10-24,N2O,t,1,10,10090,1189.1045,0,,,,,,,,,,,,,,,,,
2019-10-23,2019-10-24,N2O,t,1,1,39000,1157.7081,0,,,,,,,,,,,,,,,,,
2019-10-23,2019-10-24,N2O,t,1,8,OC,1159.3220,0,,,,,,,,,,,,,,,,,
2019-10-23,2019-10-24,N2O,t,1,6,XYZ,1145.4056,72,,,,,,,,,,,,,,,,,
2019-10-23,2019-10-24,N2O,t,1,9,YOO,1158.1628,70,,,,,,,,,,,,,,,,,
2019-10-23,2019-10-24,N2O,t,1,10,LO,1153.7056,65,,,,,,,,,,,,,,,,,
2019-10-23,2019-10-24,N2O,t,1,1,7,1191.8940,58,,,,,,,,,,,,,,,,,
2019-10-23,2019-10-24,N2O,t,1,8,1,1149.1906,55,,,,,,,,,,,,,,,,,
2019-10-23,2019-10-24,N2O,t,1,6,100,1157.0788,131,,,,,,,,,,,,,,,,,
2019-10-23,2019-10-24,N2O,t,1,9,A,1119.5288,130,,,,,,,,,,,,,,,,,
2019-10-23,2019-10-24,N2O,t,1,10,C,1068.8208,125,,,,,,,,,,,,,,,,,
2019-10-23,2019-10-24,N2O,t,1,1,J1,1097.2860,119,,,,,,,,,,,,,,,,,
2019-10-23,2019-10-24,N2O,t,1,8,1D,1007.5904,117,,,,,,,,,,,,,,,,,
2019-12-05,2019-12-06,N2O,,,,39000,,,,,,,,,,,,,,,,,,,
2019-12-05,2019-12-06,N2O,t,2,6,1Q,1146.8028,0,,,,,,,,,,,,,,,,,
2019-12-05,2019-12-06,N2O,t,2,6,1P,1033.0516,60,,,,,,,,,,,,,,,,,
2019-12-05,2019-12-06,N2O,t,2,6,22000,1234.9108,120,,,,,,,,,,,,,,,,,
2019-12-05,2019-12-06,N2O,t,2,9,y00,1076.5558,0,,,,,,,,,,,,,,,,,
2019-12-05,2019-12-06,N2O,t,2,9,p4,892.7974,60,,,,,,,,,,,,,,,,,
2019-12-05,2019-12-06,N2O,t,2,9,xyz,943.1072,120,,,,,,,,,,,,,,,,,
2019-12-05,2019-12-06,N2O,t,2,1,AZ,1079.0000,0,,,,,,,,,,,,,,,,,
2019-12-05,2019-12-06,N2O,t,2,1,P5,1057.8576,60,,,,,,,,,,,,,,,,,
2019-12-05,2019-12-06,N2O,t,2,1,J1,966.8620,120,,,,,,,,,,,,,,,,,
2019-12-05,2019-12-06,N2O,t,2,10,M1,1121.8484,0,,,,,,,,,,,,,,,,,
2019-12-05,2019-12-06,N2O,t,2,10,E,1108.8024,60,,,,,,,,,,,,,,,,,
2019-12-05,2019-12-06,N2O,t,2,10,EEE000,1071.5112,121,,,,,,,,,,,,,,,,,
2019-12-05,2019-12-06,N2O,t,2,8,G,1060.9096,0,,,,,,,,,,,,,,,,,
2019-12-05,2019-12-06,N2O,t,2,8,C,1111.9832,62,,,,,,,,,,,,,,,,,
2019-12-05,2019-12-06,N2O,t,2,8,X,1096.8536,124,,,,,,,,,,,,,,,,,
2019-12-05,2019-12-06,N2O,c,2,7,7,1080.6582,0,,,,,,,,,,,,,,,,,
2019-12-05,2019-12-06,N2O,c,2,7,1D,1068.1444,66,,,,,,,,,,,,,,,,,
2019-12-05,2019-12-06,N2O,c,2,7,0,1088.0356,124,,,,,,,,,,,,,,,,,
2019-12-05,2019-12-06,N2O,c,2,5,1,1066.9458,0,,,,,,,,,,,,,,,,,
2019-12-05,2019-12-06,N2O,c,2,5,P10,1093.6776,65,,,,,,,,,,,,,,,,,
2019-12-05,2019-12-06,N2O,c,2,5,10090,1084.5820,122,,,,,,,,,,,,,,,,,
2019-12-05,2019-12-06,N2O,c,2,3,1Y,1043.7740,0,,,,,,,,,,,,,,,,,
2019-12-05,2019-12-06,N2O,c,2,3,A,1064.7032,64,,,,,,,,,,,,,,,,,
2019-12-05,2019-12-06,N2O,c,2,3,P1,1063.5492,119,,,,,,,,,,,,,,,,,
2019-12-05,2019-12-06,N2O,c,2,4,0B,,0,,,,,,,,,,,,,,,,,
2019-12-05,2019-12-06,N2O,c,2,4,L0,1047.0870,64,,,,,,,,,,,,,,,,,
2019-12-05,2019-12-06,N2O,c,2,4,IE,1058.5614,128,,,,,,,,,,,,,,,,,
2019-12-05,2019-12-06,N2O,,,,PSI,,,,,,,,,,,,,,,,,,,
2019-12-05,2019-12-06,N2O,,,,,353.3632,,Y,0.1,,,,,,,,,,,,,,,
2019-12-05,2019-12-06,N2O,,,,,347.8296,,Y,0.1,,,,,,,,,,,,,,,
2019-12-05,2019-12-06,N2O,t,1,7,ACD,,0,,,,,,,,,,,,,,,,,
2019-12-05,2019-12-06,N2O,t,1,7,2,1048.5452,57,,,,,,,,,,,,,,,,,
2019-12-05,2019-12-06,N2O,t,1,7,IV,1055.8654,117,,,,,,,,,,,,,,,,,
2019-12-05,2019-12-06,N2O,t,1,5,co21,1056.0400,0,,,,,,,,,,,,,,,,,
2019-12-05,2019-12-06,N2O,t,1,5,1K,1080.9572,59,,,,,,,,,,,,,,,,,
2019-12-05,2019-12-06,N2O,t,1,5,21,1059.7994,118,,,,,,,,,,,,,,,,,
2019-12-05,2019-12-06,N2O,t,1,3,3,1108.0588,0,,,,,,,,,,,,,,,,,
2019-12-05,2019-12-06,N2O,t,1,3,3R,1104.0048,61,,,,,,,,,,,,,,,,,
2019-12-05,2019-12-06,N2O,t,1,3,PAZ,1113.7304,121,,,,,,,,,,,,,,,,,
2019-12-05,2019-12-06,N2O,t,1,4,0,1107.7976,0,,,,,,,,,,,,,,,,,
2019-12-05,2019-12-06,N2O,t,1,4,1500,1165.9184,64,,,,,,,,,,,,,,,,,
2019-12-05,2019-12-06,N2O,t,1,4,0,1186.7598,122,,,,,,,,,,,,,,,,,
2019-12-05,2019-12-06,N2O,,,,,2740.5226,,Y,1,,,,,,,,,,,,,,,
2019-12-05,2019-12-06,N2O,,,,,2692.4460,,Y,1,,,,,,,,,,,,,,,
2019-12-05,2019-12-06,N2O,t,1,2,P7,1088.2268,0,,,,,,,,,,,,,,,,,
2019-12-05,2019-12-06,N2O,t,1,2,XYZ,1117.6768,66,,,,,,,,,,,,,,,,,
2019-12-05,2019-12-06,N2O,t,1,2,40000,1089.1988,125,,,,,,,,,,,,,,,,,
2019-12-05,2019-12-06,N2O,c,1,1,OY,1108.4904,0,,,,,,,,,,,,,,,,,
2019-12-05,2019-12-06,N2O,c,1,1,33000,1164.4354,60,,,,,,,,,,,,,,,,,
2019-12-05,2019-12-06,N2O,c,1,1,BIRD,1122.7716,120,,,,,,,,,,,,,,,,,
2019-12-05,2019-12-06,N2O,c,1,8,1,1146.3008,0,,,,,,,,,,,,,,,,,
2019-12-05,2019-12-06,N2O,c,1,8,1N,1113.5720,61,,,,,,,,,,,,,,,,,
2019-12-05,2019-12-06,N2O,c,1,8,Li,1131.8940,122,,,,,,,,,,,,,,,,,
2019-12-05,2019-12-06,N2O,c,1,9,OC,1092.4508,0,,,,,,,,,,,,,,,,,
2019-12-05,2019-12-06,N2O,c,1,9,CO2,1151.8064,60,,,,,,,,,,,,,,,,,
2019-12-05,2019-12-06,N2O,c,1,9,B,1187.1334,120,,,,,,,,,,,,,,,,,
2019-12-05,2019-12-06,N2O,c,1,6,P2,1110.5582,0,,,,,,,,,,,,,,,,,
2019-12-05,2019-12-06,N2O,c,1,6,31000,1098.7920,60,,,,,,,,,,,,,,,,,
2019-12-05,2019-12-06,N2O,c,1,6,OL,1119.6056,120,,,,,,,,,,,,,,,,,
2019-12-05,2019-12-06,N2O,c,1,10,SPR,1115.3318,0,,,,,,,,,,,,,,,,,
2019-12-05,2019-12-06,N2O,c,1,10,1B,1113.7732,60,,,,,,,,,,,,,,,,,
2019-12-05,2019-12-06,N2O,c,1,10,13000,1129.6120,120,,,,,,,,,,,,,,,,,
2019-12-19,2019-12-20,N2O,t,4,8,A2,994.7286,0,,,,,,,,,,,,,,,,,
2019-12-19,2019-12-20,N2O,t,4,8,N1,1007.5330,65,,,,,,,,,,,,,,,,,
2019-12-19,2019-12-20,N2O,t,4,8,Y1,100.7018,126,,,,,,,,,,,,,,,,,
2019-12-19,2019-12-20,N2O,t,4,10,E1,993.4716,0,,,,,,,,,,,,,,,,,
2019-12-19,2019-12-20,N2O,t,4,10,A3,902.1280,63,,,,,,,,,,,,,,,,,
2019-12-19,2019-12-20,N2O,t,4,10,S1,800.2734,123,,,,,,,,,,,,,,,,,
2019-12-19,2019-12-20,N2O,t,4,1,H1,1091.2924,0,,,,,,,,,,,,,,,,,
2019-12-19,2019-12-20,N2O,t,4,1,L2,1112.3392,60,,,,,,,,,,,,,,,,,
2019-12-19,2019-12-20,N2O,t,4,1,C2,953.7234,122,,,,,,,,,,,,,,,,,
2019-12-19,2019-12-20,N2O,t,4,6,P2,1188.2654,0,,,,,,,,,,,,,,,,,
2019-12-19,2019-12-20,N2O,t,4,6,Q1,1211.7044,57,,,,,,,,,,,,,,,,,
2019-12-19,2019-12-20,N2O,t,4,6,V2,1176.7010,119,,,,,,,,,,,,,,,,,
2019-12-19,2019-12-20,N2O,t,4,9,Z2,1171.0650,0,,,,,,,,,,,,,,,,,
2019-12-19,2019-12-20,N2O,t,4,9,O1,1189.2208,53,,,,,,,,,,,,,,,,,
2019-12-19,2019-12-20,N2O,t,4,9,G3,1162.5080,116,,,,,,,,,,,,,,,,,
2019-12-19,2019-12-20,N2O,c,4,2,F1,1027.9500,0,,,,,,,,,,,,,,,,,
2019-12-19,2019-12-20,N2O,c,4,2,R2,1095.0146,60,,,,,,,,,,,,,,,,,
2019-12-19,2019-12-20,N2O,c,4,2,G1,1044.4554,120,,,,,,,,,,,,,,,,,
2019-12-19,2019-12-20,N2O,c,4,7,W2,1002.4712,0,,,,,,,,,,,,,,,,,
2019-12-19,2019-12-20,N2O,c,4,7,D1,1053.5856,60,,,,,,,,,,,,,,,,,
2019-12-19,2019-12-20,N2O,c,4,7,B1,1026.1204,120,,,,,,,,,,,,,,,,,
2019-12-19,2019-12-20,N2O,c,4,5,C1,1033.7932,0,,,,,,,,,,,,,,,,,
2019-12-19,2019-12-20,N2O,c,4,5,F2,1050.1848,60,,,,,,,,,,,,,,,,,
2019-12-19,2019-12-20,N2O,c,4,5,D2,1044.9158,120,,,,,,,,,,,,,,,,,
2019-12-19,2019-12-20,N2O,c,4,3,Z1,1043.8696,0,,,,,,,,,,,,,,,,,
2019-12-19,2019-12-20,N2O,c,4,3,J2,1087.1002,60,,,,,,,,,,,,,,,,,
2019-12-19,2019-12-20,N2O,c,4,3,V1,1009.1740,120,,,,,,,,,,,,,,,,,
2019-12-19,2019-12-20,N2O,c,4,4,M2,851.1736,0,,,,,,,,,,,,,,,,,
2019-12-19,2019-12-20,N2O,c,4,4,Q2,1011.4640,60,,,,,,,,,,,,,,,,,
2019-12-19,2019-12-20,N2O,c,3,10,B2,1036.4776,0,,,,,,,,,,,,,,,,,
2019-12-19,2019-12-20,N2O,c,3,10,O2,1027.4528,60,,,,,,,,,,,,,,,,,
2019-12-19,2019-12-20,N2O,c,3,10,D3,1029.1432,120,,,,,,,,,,,,,,,,,
2019-12-19,2019-12-20,N2O,c,3,8,S2,1040.7268,0,,,,,,,,,,,,,,,,,
2019-12-19,2019-12-20,N2O,c,3,8,K2,1061.4596,60,,,,,,,,,,,,,,,,,
2019-12-19,2019-12-20,N2O,c,3,8,A4,1059.1968,121,,,,,,,,,,,,,,,,,
2019-12-19,2019-12-20,N2O,c,3,1,M1,1027.1208,0,,,,,,,,,,,,,,,,,
2019-12-19,2019-12-20,N2O,c,3,1,J1,1061.1230,60,,,,,,,,,,,,,,,,,
2019-12-19,2019-12-20,N2O,c,3,1,H2,1061.4000,121,,,,,,,,,,,,,,,,,
2019-12-19,2019-12-20,N2O,c,3,9,P8,1032.8712,0,,,,,,,,,,,,,,,,,
2019-12-19,2019-12-20,N2O,c,3,9,B4,1026.3380,60,,,,,,,,,,,,,,,,,
2019-12-19,2019-12-20,N2O,c,3,9,C4,1033.0772,120,,,,,,,,,,,,,,,,,
2019-12-19,2019-12-20,N2O,c,3,6,A1,1035.6632,0,,,,,,,,,,,,,,,,,
2019-12-19,2019-12-20,N2O,c,3,6,Z4,1029.7986,60,,,,,,,,,,,,,,,,,
2019-12-19,2019-12-20,N2O,c,3,6,G2,1027.5598,120,,,,,,,,,,,,,,,,,
2019-12-19,2019-12-20,N2O,,3,,,2659.4248,,Y,1,,,,,,,,,,,,,,,
2019-12-19,2019-12-20,N2O,,3,,,2600.6063,,Y,1,,,,,,,,,,,,,,,
2019-12-19,2019-12-20,N2O,t,3,4,Y2,1004.6328,0,,,,,,,,,,,,,,,,,
2019-12-19,2019-12-20,N2O,t,3,4,I2,1027.4840,61,,,,,,,,,,,,,,,,,
2019-12-19,2019-12-20,N2O,t,3,4,X1,1054.5184,120,,,,,,,,,,,,,,,,,
2019-12-19,2019-12-20,N2O,t,3,2,F3,1004.6328,0,,,,,,,,,,,,,,,,,
2019-12-19,2019-12-20,N2O,t,3,2,P1,1037.7838,60,,,,,,,,,,,,,,,,,
2019-12-19,2019-12-20,N2O,t,3,2,C3,1072.6940,120,,,,,,,,,,,,,,,,,
2019-12-19,2019-12-20,N2O,t,3,7,E2,1015.0896,0,,,,,,,,,,,,,,,,,
2019-12-19,2019-12-20,N2O,t,3,7,W1,1050.6784,60,,,,,,,,,,,,,,,,,
2019-12-19,2019-12-20,N2O,t,3,7,U2,1064.3516,120,,,,,,,,,,,,,,,,,
2019-12-19,2019-12-20,N2O,t,3,3,T2,1019.6326,0,,,,,,,,,,,,,,,,,
2019-12-19,2019-12-20,N2O,t,3,3,I1,1027.8564,60,,,,,,,,,,,,,,,,,
2019-12-19,2019-12-20,N2O,t,3,3,B3,1028.3420,120,,,,,,,,,,,,,,,,,
2019-12-19,2019-12-20,N2O,t,3,5,L1,1028.4024,0,,,,,,,,,,,,,,,,,
2019-12-19,2019-12-20,N2O,t,3,5,U1,1091.4342,60,,,,,,,,,,,,,,,,,
2019-12-19,2019-12-20,N2O,t,3,5,E3,1138.5180,120,,,,,,,,,,,,,,,,,
2020-01-14,2019-01-15,N2O,c,6,,Standard2,454.4022,,y,0,,,,,,,,,,,,,,,
2020-01-14,2019-01-15,N2O,c,6,5,U1,1525.4532,0,,,,,,,,,,,,,,,,,
2020-01-14,2019-01-15,N2O,c,6,5,T2,1634.7002,60,,,,,,,,,,,,,,,,,
2020-01-14,2019-01-15,N2O,c,6,5,A2,1667.6234,121,,,,,,,,,,,,,,,,,
2020-01-14,2019-01-15,N2O,c,6,3,U2,1672.4956,0,,,,,,,,,,,,,,,,,
2020-01-14,2019-01-15,N2O,c,6,3,P2,1718.5942,60,,,,,,,,,,,,,,,,,
2020-01-14,2019-01-15,N2O,c,6,3,C4,1637.7380,120,,,,,,,,,,,,,,,,,
2020-01-14,2019-01-15,N2O,c,6,7,R2,1665.3074,0,,,,,,,,,,,,,,,,,
2020-01-14,2019-01-15,N2O,c,6,7,M2,1697.9036,60,,,,,,,,,,,,,,,,,
2020-01-14,2019-01-15,N2O,c,6,7,A1,1601.5592,120,,,,,,,,,,,,,,,,,
2020-01-14,2019-01-15,N2O,c,6,2,J1,1684.7916,0,,,,,,,,,,,,,,,,,
2020-01-14,2019-01-15,N2O,c,6,2,E2,1712.4403,60,,,,,,,,,,,,,,,,,
2020-01-14,2019-01-15,N2O,c,6,2,B4,1647.4142,120,,,,,,,,,,,,,,,,,
2020-01-14,2019-01-15,N2O,c,6,4,X1,1607.4484,0,,,,,,,,,,,,,,,,,
2020-01-14,2019-01-15,N2O,c,6,4,S2,1577.8996,60,,,,,,,,,,,,,,,,,
2020-01-14,2019-01-15,N2O,c,6,4,50000,1566.8311,120,,,,,,,,,,,,,,,,,
2020-01-14,2019-01-15,N2O,t,6,,E1,414.2754,,Y,0,,,,,,,,,,,,,,,
2020-01-14,2019-01-15,N2O,t,6,6,L2,1536.8950,0,,,,,,,,,,,,,,,,,
2020-01-14,2019-01-15,N2O,t,6,6,V2,1539.7902,60,,,,,,,,,,,,,,,,,
2020-01-14,2019-01-15,N2O,t,6,6,Z2,1491.4496,120,,,,,,,,,,,,,,,,,
2020-01-14,2019-01-15,N2O,t,6,9,V1,1581.7044,0,,,,,,,,,,,,,,,,,
2020-01-14,2019-01-15,N2O,t,6,9,C3,1607.5160,60,,,,,,,,,,,,,,,,,
2020-01-14,2019-01-15,N2O,t,6,9,C1,1555.8080,120,,,,,,,,,,,,,,,,,
2020-01-14,2019-01-15,N2O,t,6,,,3738.2208,,y,1,,,,,,,,,,,,,,,
2020-01-14,2019-01-15,N2O,t,6,,,3741.3226,,y,1,,,,,,,,,,,,,,,
2020-01-14,2019-01-15,N2O,t,6,10,C5,1553.8396,0,,,,,,,,,,,,,,,,,
2020-01-14,2019-01-15,N2O,t,6,10,G2,1523.2280,60,,,,,,,,,,,,,,,,,
2020-01-14,2019-01-15,N2O,t,6,10,I2,1547.7462,120,,,,,,,,,,,,,,,,,
2020-01-14,2019-01-15,N2O,t,6,,,3741.3226,,y,1,,,,,,,,,,,,,,,
2020-01-14,2019-01-15,N2O,t,6,,,3738.2208,,y,1,,,,,,,,,,,,,,,
2020-01-14,2019-01-15,N2O,t,6,,,478.9164,,y,0.1,,,,,,,,,,,,,,,
2020-01-14,2019-01-15,N2O,t,6,,,503.0955,,y,0.1,,,,,,,,,,,,,,,
2020-01-14,2019-01-15,N2O,t,6,1,A5,1573.6676,0,,,,,,,,,,,,,,,,,
2020-01-14,2019-01-15,N2O,t,6,1,Z1,1504.6092,60,,,,,,,,,,,,,,,,,
2020-01-14,2019-01-15,N2O,t,6,1,D1,1510.6518,120,,,,,,,,,,,,,,,,,
2020-01-14,2019-01-15,N2O,t,6,8,N2,1548.2602,0,,,,,,,,,,,,,,,,,
2020-01-14,2019-01-15,N2O,t,6,8,K2,1555.6604,60,,,,,,,,,,,,,,,,,
2020-01-14,2019-01-15,N2O,t,6,8,S1,1543.6200,120,,,,,,,,,,,,,,,,,
2020-01-20,2020-01-21,N2O,c,5,10,A2,1617.8438,0,,,,,,,,,,,,,,,,,
2020-01-20,2020-01-21,N2O,c,5,10,U1,1670.5908,60,,,,,,,,,,,,,,,,,
2020-01-20,2020-01-21,N2O,c,5,10,Z4,1735.2952,120,,,,,,,,,,,,,,,,,
2020-01-20,2020-01-21,N2O,c,5,8,Z2,1683.1176,0,,,,,,,,,,,,,,,,,
2020-01-20,2020-01-21,N2O,c,5,8,E2,1760.3774,60,,,,,,,,,,,,,,,,,
2020-01-20,2020-01-21,N2O,c,5,8,D3,1711.6212,120,,,,,,,,,,,,,,,,,
2020-01-20,2020-01-21,N2O,c,5,6,C1,1710.2289,0,,,,,,,,,,,,,,,,,
2020-01-20,2020-01-21,N2O,c,5,6,B5,1760.2736,60,,,,,,,,,,,,,,,,,
2020-01-20,2020-01-21,N2O,c,5,6,50000,1754.2640,120,,,,,,,,,,,,,,,,,
,2020-01-21,N2O,c,5,,,574.3419,,Y,0.1,,,,,,,,,,,,,,,
,2020-01-21,N2O,c,5,,,594.5396,,Y,0.1,,,,,,,,,,,,,,,
2020-01-20,2020-01-21,N2O,c,5,9,V2,1663.5164,0,,,,,,,,,,,,,,,,,
2020-01-20,2020-01-21,N2O,c,5,9,C4,1761.7126,60,,,,,,,,,,,,,,,,,
2020-01-20,2020-01-21,N2O,c,5,9,B3,1738.0470,120,,,,,,,,,,,,,,,,,
2020-01-20,2020-01-21,N2O,c,5,1,N2,1751.4663,0,,,,,,,,,,,,,,,,,
2020-01-20,2020-01-21,N2O,c,5,1,F1,1769.9706,60,,,,,,,,,,,,,,,,,
2020-01-20,2020-01-21,N2O,c,5,1,F3,1786.9015,120,,,,,,,,,,,,,,,,,
2020-01-20,2020-01-21,N2O,c,5,,E1,304.9262,,Y,0,,,,,,,,,,,,,,,
2020-01-20,2020-01-21,N2O,t,5,,F4,225.1232,,Y,0,,,,,,,,,,,,,,,
2020-01-20,2020-01-21,N2O,t,5,3,C3,1735.1354,0,,,,,,,,,,,,,,,,,
2020-01-20,2020-01-21,N2O,t,5,3,S1,1717.7004,60,,,,,,,,,,,,,,,,,
2020-01-20,2020-01-21,N2O,t,5,3,I1,1878.5406,120,,,,,,,,,,,,,,,,,
,2020-01-21,N2O,t,5,,,522.8910,,Y,0.1,,,,,,,,,,,,,,,
,2020-01-21,N2O,t,5,,,523.1259,,Y,0.1,,,,,,,,,,,,,,,
2020-01-20,2020-01-21,N2O,t,5,2,M2,1697.1435,0,,,,,,,,,,,,,,,,,
2020-01-20,2020-01-21,N2O,t,5,2,B4,1703.9328,60,,,,,,,,,,,,,,,,,
2020-01-20,2020-01-21,N2O,t,5,2,Y1,1708.9696,120,,,,,,,,,,,,,,,,,
2020-01-20,2020-01-21,N2O,t,5,5,C5,1696.5541,0,,,,,,,,,,,,,,,,,
2020-01-20,2020-01-21,N2O,t,5,5,F2,1732.8300,60,,,,,,,,,,,,,,,,,
2020-01-20,2020-01-21,N2O,t,5,5,I2,1737.3476,120,,,,,,,,,,,,,,,,,
,2020-01-21,N2O,t,5,,,457.5808,,Y,0.1,,,,,,,,,,,,,,,
2020-01-20,2020-01-21,N2O,t,5,4,L2,1686.4642,0,,,,,,,,,,,,,,,,,
2020-01-20,2020-01-21,N2O,t,5,4,D1,1677.2844,60,,,,,,,,,,,,,,,,,
2020-01-20,2020-01-21,N2O,t,5,4,E3,1703.5820,120,,,,,,,,,,,,,,,,,
2020-01-20,2020-01-21,N2O,t,5,7,G2,1646.7238,0,,,,,,,,,,,,,,,,,
2020-01-20,2020-01-21,N2O,t,5,7,A5,1687.3212,60,,,,,,,,,,,,,,,,,
2020-01-20,2020-01-21,N2O,t,5,7,V1,1636.8652,120,,,,,,,,,,,,,,,,,
2020-01-23,2020-01-24,N2O,t,2,3,C5,1695.7918,0,,,,,,,,,,,,,,,,,
2020-01-23,2020-01-24,N2O,t,2,3,N2,1732.2719,60,,,,,,,,,,,,,,,,,
2020-01-23,2020-01-24,N2O,t,2,3,P1,1694.2176,121,,,,,,,,,,,,,,,,,
2020-01-23,2020-01-24,N2O,t,2,10,M2,1675.3280,0,,,,,,,,,,,,,,,,,
2020-01-23,2020-01-24,N2O,t,2,10,M1,1725.8390,60,,,,,,,,,,,,,,,,,
2020-01-23,2020-01-24,N2O,t,2,10,J1,1686.6577,120,,,,,,,,,,,,,,,,,
2020-01-23,2020-01-24,N2O,t,2,,,550.2984,,Y,0.1,,,,,,,,,,,,,,,
2020-01-23,2020-01-24,N2O,t,2,,,495.0816,,Y,0.1,,,,,,,,,,,,,,,
2020-01-23,2020-01-24,N2O,t,2,6,C1,1682.1572,0,,,,,,,,,,,,,,,,,
2020-01-23,2020-01-24,N2O,t,2,6,5000,1648.1233,60,,,,,,,,,,,,,,,,,
2020-01-23,2020-01-24,N2O,t,2,6,B3,1650.0878,120,,,,,,,,,,,,,,,,,
2020-01-23,2020-01-24,N2O,t,2,9,F3,1671.1789,0,,,,,,,,,,,,,,,,,
2020-01-23,2020-01-24,N2O,t,2,9,I1,1697.0012,60,,,,,,,,,,,,,,,,,
2020-01-23,2020-01-24,N2O,t,2,9,S2,1716.8766,120,,,,,,,,,,,,,,,,,
2020-01-23,2020-01-24,N2O,t,2,1,Z2,1730.3326,0,,,,,,,,,,,,,,,,,
2020-01-23,2020-01-24,N2O,t,2,1,A5,1744.7684,60,,,,,,,,,,,,,,,,,
2020-01-23,2020-01-24,N2O,t,2,1,L1,1706.1436,120,,,,,,,,,,,,,,,,,
2020-01-23,2020-01-24,N2O,t,1,2,Q2,1536.5128,0,,,,,,,,,,,,,,,,,
2020-01-23,2020-01-24,N2O,t,1,2,B5,1609.0148,60,,,,,,,,,,,,,,,,,
2020-01-23,2020-01-24,N2O,t,1,2,O2,1668.8432,120,,,,,,,,,,,,,,,,,
2020-01-23,2020-01-24,N2O,t,1,5,E3,1511.6381,0,,,,,,,,,,,,,,,,,
2020-01-23,2020-01-24,N2O,t,1,5,P2,1599.0391,60,,,,,,,,,,,,,,,,,
2020-01-23,2020-01-24,N2O,t,1,5,A6,1613.9240,120,,,,,,,,,,,,,,,,,
2020-01-23,2020-01-24,N2O,t,1,7,W2,1353.4707,0,,,,,,,,,,,,,,,,,
2020-01-23,2020-01-24,N2O,t,1,7,V2,1300.6969,60,,,,,,,,,,,,,,,,,
2020-01-23,2020-01-24,N2O,t,1,7,B1,1407.1960,120,,,,,,,,,,,,,,,,,
2020-01-23,2020-01-24,N2O,t,1,,,404.2214,,Y,0.1,,,,,,,,,,,,,,,
2020-01-23,2020-01-24,N2O,t,1,,,437.3800,,Y,0.1,,,,,,,,,,,,,,,
2020-01-23,2020-01-24,N2O,t,1,8,H2,1496.7284,0,,,,,,,,,,,,,,,,,
2020-01-23,2020-01-24,N2O,t,1,8,U2,1601.8452,60,,,,,,,,,,,,,,,,,
2020-01-23,2020-01-24,N2O,t,1,8,J2,1598.0760,120,,,,,,,,,,,,,,,,,
2020-01-23,2020-01-24,N2O,t,1,4,A3,1493.5188,0,,,,,,,,,,,,,,,,,
2020-01-23,2020-01-24,N2O,t,1,4,R2,1536.4864,60,,,,,,,,,,,,,,,,,
2020-01-23,2020-01-24,N2O,t,1,4,Y2,1571.8764,120,,,,,,,,,,,,,,,,,
2020-01-23,2020-01-24,N2O,c,2,2,L2,1625.8812,0,,,,,,,,,,,,,,,,,
2020-01-23,2020-01-24,N2O,c,2,2,W1,1686.7053,60,,,,,,,,,,,,,,,,,
2020-01-23,2020-01-24,N2O,c,2,2,D3,1573.2048,120,,,,,,,,,,,,,,,,,
2020-01-23,2020-01-24,N2O,c,2,5,S1,1649.8294,0,,,,,,,,,,,,,,,,,
2020-01-23,2020-01-24,N2O,c,2,5,C3,1652.6592,60,,,,,,,,,,,,,,,,,
2020-01-23,2020-01-24,N2O,c,2,5,G3,1657.5018,120,,,,,,,,,,,,,,,,,
2020-01-23,2020-01-24,N2O,c,2,7,Z4,1647.5018,0,,,,,,,,,,,,,,,,,
2020-01-23,2020-01-24,N2O,c,2,7,G2,1685.0884,60,,,,,,,,,,,,,,,,,
2020-01-23,2020-01-24,N2O,c,2,7,B2,1719.3780,120,,,,,,,,,,,,,,,,,
2020-01-23,2020-01-24,N2O,c,2,,,516.8798,,Y,0.1,,,,,,,,,,,,,,,
2020-01-23,2020-01-24,N2O,c,2,,,485.0604,,Y,0.1,,,,,,,,,,,,,,,
2020-01-23,2020-01-24,N2O,c,2,8,E2,1643.1252,0,,,,,,,,,,,,,,,,,
2020-01-23,2020-01-24,N2O,c,2,8,E1,1637.8804,60,,,,,,,,,,,,,,,,,
2020-01-23,2020-01-24,N2O,c,2,8,T2,1744.4620,120,,,,,,,,,,,,,,,,,
2020-01-23,2020-01-24,N2O,c,2,4,N1,1677.5740,0,,,,,,,,,,,,,,,,,
2020-01-23,2020-01-24,N2O,c,2,4,D2,1710.3340,60,,,,,,,,,,,,,,,,,
2020-01-23,2020-01-24,N2O,c,2,4,U1,1678.1375,120,,,,,,,,,,,,,,,,,
2020-01-23,2020-01-24,N2O,c,1,10,K2,1534.7810,0,,,,,,,,,,,,,,,,,
2020-01-23,2020-01-24,N2O,c,1,10,B4,1554.1920,60,,,,,,,,,,,,,,,,,
2020-01-23,2020-01-24,N2O,c,1,10,X1,1559.7491,120,,,,,,,,,,,,,,,,,
2020-01-23,2020-01-24,N2O,c,1,6,Z1,,0,,,,,,,,,,,,,,,,,
2020-01-23,2020-01-24,N2O,c,1,6,C4,1566.7596,60,,,,,,,,,,,,,,,,,
2020-01-23,2020-01-24,N2O,c,1,6,I2,1511.8324,120,,,,,,,,,,,,,,,,,
2020-01-23,2020-01-24,N2O,c,1,9,K1,,0,,,,,,,,,,,,,,,,,
2020-01-23,2020-01-24,N2O,c,1,9,D1,1701.6516,60,,,,,,,,,,,,,,,,,
2020-01-23,2020-01-24,N2O,c,1,9,A1,1701.4108,120,,,,,,,,,,,,,,,,,
2020-01-23,2020-01-24,N2O,c,1,,,469.6170,,Y,0.1,,,,,,,,,,,,,,,
2020-01-23,2020-01-24,N2O,c,1,,,482.9980,,Y,0.1,,,,,,,,,,,,,,,
2020-01-23,2020-01-24,N2O,c,1,1,Y1,1597.9922,0,,,,,,,,,,,,,,,,,
2020-01-23,2020-01-24,N2O,c,1,1,H1,1626.7829,60,,,,,,,,,,,,,,,,,
2020-01-23,2020-01-24,N2O,c,1,1,FY,1568.3672,120,,,,,,,,,,,,,,,,,
2020-01-23,2020-01-24,N2O,c,1,3,C2,1591.7484,0,,,,,,,,,,,,,,,,,
2020-01-23,2020-01-24,N2O,c,1,3,A2,1675.9252,60,,,,,,,,,,,,,,,,,
2020-01-23,2020-01-24,N2O,c,1,3,F2,1707.1182,120,,,,,,,,,,,,,,,,,
2020-01-30,2020-01-31,N2O,c,3,9,C4,1550.3406,0,,,,,,,,,,,,,,,,,
2020-01-30,2020-01-31,N2O,c,3,9,B3,1591.4476,60,,,,,,,,,,,,,,,,,
2020-01-30,2020-01-31,N2O,c,3,9,W2,1568.0216,120,,,,,,,,,,,,,,,,,
2020-01-30,2020-01-31,N2O,c,3,1,D3,1527.7100,0,,,,,,,,,,,,,,,,,
2020-01-30,2020-01-31,N2O,c,3,1,A3,1547.8768,60,,,,,,,,,,,,,,,,,
2020-01-30,2020-01-31,N2O,c,3,1,H2,1547.4043,120,,,,,,,,,,,,,,,,,
2020-01-30,2020-01-31,N2O,c,3,10,A1,1550.0045,0,,,,,,,,,,,,,,,,,
2020-01-30,2020-01-31,N2O,c,3,10,D1,1458.6182,60,,,,,,,,,,,,,,,,,
2020-01-30,2020-01-31,N2O,c,3,10,B5,1452.1788,120,,,,,,,,,,,,,,,,,
2020-01-30,2020-01-31,N2O,c,3,,,402.0008,,Y,0.1,,,,,,,,,,,,,,,
2020-01-30,2020-01-31,N2O,c,3,,,441.2514,,Y,0.1,,,,,,,,,,,,,,,
2020-01-30,2020-01-31,N2O,c,3,6,F1,1499.7013,0,,,,,,,,,,,,,,,,,
2020-01-30,2020-01-31,N2O,c,3,6,Q2,1526.7512,60,,,,,,,,,,,,,,,,,
2020-01-30,2020-01-31,N2O,c,3,6,O2,1482.3954,120,,,,,,,,,,,,,,,,,
2020-01-30,2020-01-31,N2O,c,3,3,L1,1513.3234,0,,,,,,,,,,,,,,,,,
2020-01-30,2020-01-31,N2O,c,3,3,I2,1506.7237,60,,,,,,,,,,,,,,,,,
2020-01-30,2020-01-31,N2O,c,3,3,Q1,1499.7629,120,,,,,,,,,,,,,,,,,
2020-01-30,2020-01-31,N2O,t,3,8,K1,1466.1960,0,,,,,,,,,,,,,,,,,
2020-01-30,2020-01-31,N2O,t,3,8,C3,1520.6530,60,,,,,,,,,,,,,,,,,
2020-01-30,2020-01-31,N2O,t,3,8,F3,1487.0979,120,,,,,,,,,,,,,,,,,
2020-01-30,2020-01-31,N2O,t,3,,,462.6025,,Y,0.1,,,,,,,,,,,,,,,
2020-01-30,2020-01-31,N2O,t,3,,,441.8868,,Y,0.1,,,,,,,,,,,,,,,
2020-01-30,2020-01-31,N2O,t,3,4,U1,1533.3482,0,,,,,,,,,,,,,,,,,
2020-01-30,2020-01-31,N2O,t,3,4,V1,1499.0382,60,,,,,,,,,,,,,,,,,
2020-01-30,2020-01-31,N2O,t,3,4,L2,1515.2597,120,,,,,,,,,,,,,,,,,
2020-01-30,2020-01-31,N2O,t,3,7,B2,1501.1867,0,,,,,,,,,,,,,,,,,
2020-01-30,2020-01-31,N2O,t,3,7,C1,1515.6560,60,,,,,,,,,,,,,,,,,
2020-01-30,2020-01-31,N2O,t,3,7,Z4,1519.8000,120,,,,,,,,,,,,,,,,,
2020-01-30,2020-01-31,N2O,t,3,5,S1,1515.8587,0,,,,,,,,,,,,,,,,,
2020-01-30,2020-01-31,N2O,t,3,5,T2,1515.5684,60,,,,,,,,,,,,,,,,,
2020-01-30,2020-01-31,N2O,t,3,5,T1,1534.7518,120,,,,,,,,,,,,,,,,,
2020-01-30,2020-01-31,N2O,t,3,,,476.7214,,Y,0.1,,,,,,,,,,,,,,,
2020-01-30,2020-01-31,N2O,t,3,,,454.4340,,Y,0.1,,,,,,,,,,,,,,,
2020-01-30,2020-01-31,N2O,t,3,2,D2,1517.7032,0,,,,,,,,,,,,,,,,,
2020-01-30,2020-01-31,N2O,t,3,2,A2,1516.1356,60,,,,,,,,,,,,,,,,,
2020-01-30,2020-01-31,N2O,t,3,2,G3,1497.5875,120,,,,,,,,,,,,,,,,,
2020-01-30,2020-01-31,N2O,c,4,9,S2,1474.8523,0,,,,,,,,,,,,,,,,,
2020-01-30,2020-01-31,N2O,c,4,9,M2,1480.8298,60,,,,,,,,,,,,,,,,,
2020-01-30,2020-01-31,N2O,c,4,9,P1,1503.8090,120,,,,,,,,,,,,,,,,,
2020-01-30,2020-01-31,N2O,c,4,,,486.9810,,Y,0.1,,,,,,,,,,,,,,,
2020-01-30,2020-01-31,N2O,c,4,,,497.6580,,Y,0.1,,,,,,,,,,,,,,,
2020-01-30,2020-01-31,N2O,c,4,6,J1,1477.5949,0,,,,,,,,,,,,,,,,,
2020-01-30,2020-01-31,N2O,c,4,6,M1,1693.4916,60,,,,,,,,,,,,,,,,,
2020-01-30,2020-01-31,N2O,c,4,6,5000,1490.5511,120,,,,,,,,,,,,,,,,,
2020-01-30,2020-01-31,N2O,c,4,1,A6,1553.5514,0,,,,,,,,,,,,,,,,,
2020-01-30,2020-01-31,N2O,c,4,1,I2,1485.5880,60,,,,,,,,,,,,,,,,,
2020-01-30,2020-01-31,N2O,c,4,1,G2,1506.0268,120,,,,,,,,,,,,,,,,,
2020-01-30,2020-01-31,N2O,c,4,10,C5,1518.8080,0,,,,,,,,,,,,,,,,,
2020-01-30,2020-01-31,N2O,c,4,10,N1,1498.3340,60,,,,,,,,,,,,,,,,,
2020-01-30,2020-01-31,N2O,c,4,10,E2,1512.9729,120,,,,,,,,,,,,,,,,,
2020-01-30,2020-01-31,N2O,c,4,3,P2,1523.4322,0,,,,,,,,,,,,,,,,,
2020-01-30,2020-01-31,N2O,c,4,3,R2,1484.7574,60,,,,,,,,,,,,,,,,,
2020-01-30,2020-01-31,N2O,c,4,3,N2,1475.2664,120,,,,,,,,,,,,,,,,,
2020-01-30,2020-01-31,N2O,t,4,2,X1,1487.3152,0,,,,,,,,,,,,,,,,,
2020-01-30,2020-01-31,N2O,t,4,2,U2,1517.4492,60,,,,,,,,,,,,,,,,,
2020-01-30,2020-01-31,N2O,t,4,2,C2,1520.8896,120,,,,,,,,,,,,,,,,,
2020-01-30,2020-01-31,N2O,t,4,5,B1,1493.9728,0,,,,,,,,,,,,,,,,,
2020-01-30,2020-01-31,N2O,t,4,5,E3,1507.2860,60,,,,,,,,,,,,,,,,,
2020-01-30,2020-01-31,N2O,t,4,5,Z1,1523.3880,120,,,,,,,,,,,,,,,,,
2020-01-30,2020-01-31,N2O,t,4,,,444.2068,,Y,0.1,,,,,,,,,,,,,,,
2020-01-30,2020-01-31,N2O,t,4,,,471.4284,,Y,0.1,,,,,,,,,,,,,,,
2020-01-30,2020-01-31,N2O,t,4,7,V2,1490.4140,0,,,,,,,,,,,,,,,,,
2020-01-30,2020-01-31,N2O,t,4,7,F2,1486.6414,60,,,,,,,,,,,,,,,,,
2020-01-30,2020-01-31,N2O,t,4,7,H1,1497.9528,120,,,,,,,,,,,,,,,,,
2020-01-30,2020-01-31,N2O,t,4,8,Y2,1485.7629,0,,,,,,,,,,,,,,,,,
2020-01-30,2020-01-31,N2O,t,4,8,Y1,1491.9232,60,,,,,,,,,,,,,,,,,
2020-01-30,2020-01-31,N2O,t,4,8,FY,1459.7064,120,,,,,,,,,,,,,,,,,
2020-01-30,2020-01-31,N2O,t,4,4,J2,1477.5485,0,,,,,,,,,,,,,,,,,
2020-01-30,2020-01-31,N2O,t,4,4,B4,1498.4802,60,,,,,,,,,,,,,,,,,
2020-02-13,2020-02-14,N2O,c,5,10,W2,1475.0608,0,,,,,,,,,,,,,,,,,
2020-02-13,2020-02-14,N2O,c,5,10,F3,1444.6012,60,,,,,,,,,,,,,,,,,
2020-02-13,2020-02-14,N2O,c,5,10,H2,1427.7066,120,,,,,,,,,,,,,,,,,
2020-02-13,2020-02-14,N2O,c,5,5,C3,1384.9408,0,,,,,,,,,,,,,,,,,
2020-02-13,2020-02-14,N2O,c,5,5,S1,1281.1092,60,,,,,,,,,,,,,,,,,
2020-02-13,2020-02-14,N2O,c,5,5,W1,1278.9408,120,,,,,,,,,,,,,,,,,
2020-02-13,2020-02-14,N2O,c,5,7,A3,1335.2451,0,,,,,,,,,,,,,,,,,
2020-02-13,2020-02-14,N2O,c,5,7,C4,1338.1356,60,,,,,,,,,,,,,,,,,
2020-02-13,2020-02-14,N2O,c,5,7,Z2,1369.4990,120,,,,,,,,,,,,,,,,,
2020-02-13,2020-02-14,N2O,c,5,4,L1,1358.6272,0,,,,,,,,,,,,,,,,,
2020-02-13,2020-02-14,N2O,c,5,4,A5,1352.3164,60,,,,,,,,,,,,,,,,,
2020-02-13,2020-02-14,N2O,c,5,4,D3,1341.1708,120,,,,,,,,,,,,,,,,,
2020-02-13,2020-02-14,N2O,c,5,,,438.7828,,Y,0.1,,,,,,,,,,,,,,,
2020-02-13,2020-02-14,N2O,c,5,,,394.7436,,Y,0.1,,,,,,,,,,,,,,,
2020-02-13,2020-02-14,N2O,c,5,2,B3,1389.3312,0,,,,,,,,,,,,,,,,,
2020-02-13,2020-02-14,N2O,c,5,2,I2,1427.8008,60,,,,,,,,,,,,,,,,,
2020-02-13,2020-02-14,N2O,c,5,2,K2,1457.9864,120,,,,,,,,,,,,,,,,,
2020-02-13,2020-02-14,N2O,t,5,3,A1,1383.4530,0,,,,,,,,,,,,,,,,,
2020-02-13,2020-02-14,N2O,t,5,3,B2,1382.5872,60,,,,,,,,,,,,,,,,,
2020-02-13,2020-02-14,N2O,t,5,3,F1,1408.4144,120,,,,,,,,,,,,,,,,,
2020-02-13,2020-02-14,N2O,t,5,6,A2,1352.9090,0,,,,,,,,,,,,,,,,,
2020-02-13,2020-02-14,N2O,t,5,6,L2,1366.5529,60,,,,,,,,,,,,,,,,,
2020-02-13,2020-02-14,N2O,t,5,6,U1,1399.1098,120,,,,,,,,,,,,,,,,,
2020-02-13,2020-02-14,N2O,t,5,8,Q2,1346.5964,0,,,,,,,,,,,,,,,,,
2020-02-13,2020-02-14,N2O,t,5,8,O2,1375.7980,60,,,,,,,,,,,,,,,,,
2020-02-13,2020-02-14,N2O,t,5,8,B5,1356.2124,120,,,,,,,,,,,,,,,,,
2020-02-13,2020-02-14,N2O,t,5,,,402.0004,,Y,0.1,,,,,,,,,,,,,,,
2020-02-13,2020-02-14,N2O,t,5,,,456.5042,,Y,0.1,,,,,,,,,,,,,,,
2020-02-13,2020-02-14,N2O,t,5,1,Q1,1342.7226,0,,,,,,,,,,,,,,,,,
2020-02-13,2020-02-14,N2O,t,5,1,Z4,1348.1960,60,,,,,,,,,,,,,,,,,
2020-02-13,2020-02-14,N2O,t,5,1,C1,1365.4441,120,,,,,,,,,,,,,,,,,
2020-02-13,2020-02-14,N2O,t,5,9,V1,1392.8699,0,,,,,,,,,,,,,,,,,
2020-02-13,2020-02-14,N2O,t,5,9,D2,1321.7148,60,,,,,,,,,,,,,,,,,
2020-02-13,2020-02-14,N2O,t,5,9,O1,1342.4805,120,,,,,,,,,,,,,,,,,
2020-02-13,2020-02-14,N2O,t,6,5,B4,1329.7438,0,,,,,,,,,,,,,,,,,
2020-02-13,2020-02-14,N2O,t,6,5,M1,1343.3008,60,,,,,,,,,,,,,,,,,
2020-02-13,2020-02-14,N2O,t,6,5,J1,1386.7016,120,,,,,,,,,,,,,,,,,
2020-02-13,2020-02-14,N2O,t,6,7,X1,1315.3576,0,,,,,,,,,,,,,,,,,
2020-02-13,2020-02-14,N2O,t,6,7,U2,1339.5821,60,,,,,,,,,,,,,,,,,
2020-02-13,2020-02-14,N2O,t,6,7,G3,1343.6565,120,,,,,,,,,,,,,,,,,
2020-02-13,2020-02-14,N2O,t,6,,,46.9458,,Y,0.1,,,,,,,,,,,,,,,
2020-02-13,2020-02-14,N2O,t,6,,,383.0972,,Y,0.1,,,,,,,,,,,,,,,
2020-02-13,2020-02-14,N2O,t,6,4,N1,1319.6862,0,,,,,,,,,,,,,,,,,
2020-02-13,2020-02-14,N2O,t,6,4,E2,1349.8043,60,,,,,,,,,,,,,,,,,
2020-02-13,2020-02-14,N2O,t,6,4,P2,1391.4660,120,,,,,,,,,,,,,,,,,
2020-02-13,2020-02-14,N2O,t,6,10,V2,1337.1265,0,,,,,,,,,,,,,,,,,
2020-02-13,2020-02-14,N2O,t,6,10,F2,1350.4206,60,,,,,,,,,,,,,,,,,
2020-02-13,2020-02-14,N2O,t,6,10,P1,1375.3018,120,,,,,,,,,,,,,,,,,
2020-02-13,2020-02-14,N2O,t,6,2,C2,1320.8019,0,,,,,,,,,,,,,,,,,
2020-02-13,2020-02-14,N2O,t,6,2,H1,1370.4524,60,,,,,,,,,,,,,,,,,
2020-02-13,2020-02-14,N2O,t,6,2,A6,1350.3476,120,,,,,,,,,,,,,,,,,
2020-02-13,2020-02-14,N2O,c,6,3,FY,1341.8804,0,,,,,,,,,,,,,,,,,
2020-02-13,2020-02-14,N2O,c,6,3,I1,1502.8596,60,,,,,,,,,,,,,,,,,
2020-02-13,2020-02-14,N2O,c,6,3,G2,1526.6990,121,,,,,,,,,,,,,,,,,
2020-02-13,2020-02-14,N2O,c,6,6,Y2,1302.4168,0,,,,,,,,,,,,,,,,,
2020-02-13,2020-02-14,N2O,c,6,6,S2,1383.8108,60,,,,,,,,,,,,,,,,,
2020-02-13,2020-02-14,N2O,c,6,6,E1,1492.0860,121,,,,,,,,,,,,,,,,,
2020-02-13,2020-02-14,N2O,c,6,,,409.7742,,Y,0.1,,,,,,,,,,,,,,,
2020-02-13,2020-02-14,N2O,c,6,,,417.3312,,Y,0.1,,,,,,,,,,,,,,,
2020-02-13,2020-02-14,N2O,c,6,8,M2,1348.8021,0,,,,,,,,,,,,,,,,,
2020-02-13,2020-02-14,N2O,c,6,8,E3,1327.5058,60,,,,,,,,,,,,,,,,,
2020-02-13,2020-02-14,N2O,c,6,8,T2,1367.1077,120,,,,,,,,,,,,,,,,,
2020-02-13,2020-02-14,N2O,c,6,1,Y1,1338.4320,0,,,,,,,,,,,,,,,,,
2020-02-13,2020-02-14,N2O,c,6,1,R2,1350.6228,60,,,,,,,,,,,,,,,,,
2020-02-13,2020-02-14,N2O,c,6,1,J2,1374.8062,120,,,,,,,,,,,,,,,,,
2020-02-13,2020-02-14,N2O,c,6,9,C5,1335.8398,0,,,,,,,,,,,,,,,,,
2020-02-13,2020-02-14,N2O,c,6,9,B1,1363.9856,60,,,,,,,,,,,,,,,,,
2020-02-13,2020-02-14,N2O,c,6,9,N2,1379.2986,120,,,,,,,,,,,,,,,,,
2020-02-20,2020-02-21,N2O,c,1,5,I1,1393.6097,0,,,,,,,,,,,,,,,,,
2020-02-20,2020-02-21,N2O,c,1,5,H1,1398.9552,60,,,,,,,,,,,,,,,,,
2020-02-20,2020-02-21,N2O,c,1,5,E2,1503.0058,120,,,,,,,,,,,,,,,,,
2020-02-20,2020-02-21,N2O,c,1,7,J1,1393.7656,0,,,,,,,,,,,,,,,,,
2020-02-20,2020-02-21,N2O,c,1,7,S2,1506.6416,60,,,,,,,,,,,,,,,,,
2020-02-20,2020-02-21,N2O,c,1,7,50000,1639.7072,120,,,,,,,,,,,,,,,,,
2020-02-20,2020-02-21,N2O,c,1,9,T2,1379.7298,0,,,,,,,,,,,,,,,,,
2020-02-20,2020-02-21,N2O,c,1,9,N2,1419.7091,60,,,,,,,,,,,,,,,,,
2020-02-20,2020-02-21,N2O,c,1,9,M1,1426.7944,120,,,,,,,,,,,,,,,,,
2020-02-20,2020-02-21,N2O,c,1,1,N1,1335.9752,0,,,,,,,,,,,,,,,,,
2020-02-20,2020-02-21,N2O,c,1,1,G3,1346.1748,60,,,,,,,,,,,,,,,,,
2020-02-20,2020-02-21,N2O,c,1,1,Y2,1296.0033,120,,,,,,,,,,,,,,,,,
2020-02-20,2020-02-21,N2O,c,1,,,480.1852,,Y,0.1,,,,,,,,,,,,,,,
2020-02-20,2020-02-21,N2O,c,1,,,422.5920,,Y,0.1,,,,,,,,,,,,,,,
2020-02-20,2020-02-21,N2O,c,1,2,A6,1323.3240,0,,,,,,,,,,,,,,,,,
2020-02-20,2020-02-21,N2O,c,1,2,E3,1385.8072,60,,,,,,,,,,,,,,,,,
2020-02-20,2020-02-21,N2O,c,1,2,V2,1409.4662,120,,,,,,,,,,,,,,,,,
2020-02-20,2020-02-21,N2O,t,1,10,M2,1358.7752,0,,,,,,,,,,,,,,,,,
2020-02-20,2020-02-21,N2O,t,1,10,R2,1324.2159,60,,,,,,,,,,,,,,,,,
2020-02-20,2020-02-21,N2O,t,1,10,C2,1332.9210,120,,,,,,,,,,,,,,,,,
2020-02-20,2020-02-21,N2O,t,1,4,B1,1344.9524,0,,,,,,,,,,,,,,,,,
2020-02-20,2020-02-21,N2O,t,1,4,P1,1347.7626,60,,,,,,,,,,,,,,,,,
2020-02-20,2020-02-21,N2O,t,1,4,G2,1331.1072,120,,,,,,,,,,,,,,,,,
2020-02-20,2020-02-21,N2O,t,1,3,Y1,1319.1662,0,,,,,,,,,,,,,,,,,
2020-02-20,2020-02-21,N2O,t,1,3,J2,1307.2381,60,,,,,,,,,,,,,,,,,
2020-02-20,2020-02-21,N2O,t,1,3,P2,1330.2466,120,,,,,,,,,,,,,,,,,
2020-02-20,2020-02-21,N2O,t,1,,,474.1564,,Y,0.1,,,,,,,,,,,,,,,
2020-02-20,2020-02-21,N2O,t,1,,,469.6928,,Y,0.1,,,,,,,,,,,,,,,
2020-02-20,2020-02-21,N2O,t,1,6,X1,1300.6981,0,,,,,,,,,,,,,,,,,
2020-02-20,2020-02-21,N2O,t,1,6,U2,1392.0461,60,,,,,,,,,,,,,,,,,
2020-02-20,2020-02-21,N2O,t,1,6,B4,1503.1114,120,,,,,,,,,,,,,,,,,
2020-02-20,2020-02-21,N2O,t,1,8,C5,1332.0090,0,,,,,,,,,,,,,,,,,
2020-02-20,2020-02-21,N2O,t,1,8,F2,1406.8080,60,,,,,,,,,,,,,,,,,
2020-02-20,2020-02-21,N2O,t,1,8,A2,1334.5973,120,,,,,,,,,,,,,,,,,
2020-02-20,2020-02-22,N2O,t,2,1,K2,1419.6123,0,,,,,,,,,,,,,,,,,
2020-02-20,2020-02-22,N2O,t,2,1,B5,1395.2060,60,,,,,,,,,,,,,,,,,
2020-02-20,2020-02-22,N2O,t,2,1,R1,1662.7786,120,,,,,,,,,,,,,,,,,
2020-02-20,2020-02-22,N2O,t,2,2,H2,1367.8796,0,,,,,,,,,,,,,,,,,
2020-02-20,2020-02-22,N2O,t,2,2,A1,1515.1580,60,,,,,,,,,,,,,,,,,
2020-02-20,2020-02-22,N2O,t,2,2,C4,1415.6089,120,,,,,,,,,,,,,,,,,
2020-02-20,2020-02-22,N2O,t,2,9,Q2,1388.0184,0,,,,,,,,,,,,,,,,,
2020-02-20,2020-02-22,N2O,t,2,9,L2,1365.8460,60,,,,,,,,,,,,,,,,,
2020-02-20,2020-02-22,N2O,t,2,9,I2,1389.0940,120,,,,,,,,,,,,,,,,,
2020-02-20,2020-02-22,N2O,t,2,7,D3,1385.3084,0,,,,,,,,,,,,,,,,,
2020-02-20,2020-02-22,N2O,t,2,7,F3,1366.4660,60,,,,,,,,,,,,,,,,,
2020-02-20,2020-02-22,N2O,t,2,7,D1,1381.5140,120,,,,,,,,,,,,,,,,,
2020-02-20,2020-02-22,N2O,t,2,,,636.6692,,Y,0.1,,,,,,,,,,,,,,,
2020-02-20,2020-02-22,N2O,t,2,,,619.7304,,Y,0.1,,,,,,,,,,,,,,,
2020-02-20,2020-02-22,N2O,t,2,5,S1,1373.4860,0,,,,,,,,,,,,,,,,,
2020-02-20,2020-02-22,N2O,t,2,5,F1,1374.7526,60,,,,,,,,,,,,,,,,,
2020-02-20,2020-02-22,N2O,t,2,5,V1,1362.3412,120,,,,,,,,,,,,,,,,,
2020-02-20,2020-02-22,N2O,c,2,10,O2,1362.9876,0,,,,,,,,,,,,,,,,,
2020-02-20,2020-02-22,N2O,c,2,10,U1,1365.4004,60,,,,,,,,,,,,,,,,,
2020-02-20,2020-02-22,N2O,c,2,10,A5,1384.0300,120,,,,,,,,,,,,,,,,,
2020-02-20,2020-02-22,N2O,c,2,4,C1,1395.1378,0,,,,,,,,,,,,,,,,,
2020-02-20,2020-02-22,N2O,c,2,4,W2,1382.4216,60,,,,,,,,,,,,,,,,,
2020-02-20,2020-02-22,N2O,c,2,4,A3,1368.9804,120,,,,,,,,,,,,,,,,,
2020-02-20,2020-02-22,N2O,c,2,,,587.2824,,Y,0.1,,,,,,,,,,,,,,,
2020-02-20,2020-02-22,N2O,c,2,,,590.3992,,Y,0.1,,,,,,,,,,,,,,,
2020-02-20,2020-02-22,N2O,c,2,3,Z4,1404.7832,0,,,,,,,,,,,,,,,,,
2020-02-20,2020-02-22,N2O,c,2,3,W1,1380.5624,60,,,,,,,,,,,,,,,,,
2020-02-20,2020-02-22,N2O,c,2,3,C3,1381.2222,120,,,,,,,,,,,,,,,,,
2020-02-20,2020-02-22,N2O,c,2,8,B3,1389.3564,0,,,,,,,,,,,,,,,,,
2020-02-20,2020-02-22,N2O,c,2,8,L1,1393.5475,60,,,,,,,,,,,,,,,,,
2020-02-20,2020-02-22,N2O,c,2,8,Q1,1399.9741,120,,,,,,,,,,,,,,,,,
2020-02-20,2020-02-22,N2O,c,2,6,D2,1373.5020,0,,,,,,,,,,,,,,,,,
2020-02-20,2020-02-22,N2O,c,2,6,B2,1392.4924,60,,,,,,,,,,,,,,,,,
2020-02-20,2020-02-22,N2O,c,2,6,Z2,1436.9281,125,,,,,,,,,,,,,,,,,
2020-02-24,2020-02-25,N2O,t,3,3,F3,1249.8662,0,,,,,,,,,,,,,,,,,
2020-02-24,2020-02-25,N2O,t,3,3,F1,1231.7256,60,,,,,,,,,,,,,,,,,
2020-02-24,2020-02-25,N2O,t,3,3,A3,1213.7256,120,,,,,,,,,,,,,,,,,
2020-02-24,2020-02-25,N2O,t,3,6,D2,1214.7502,0,,,,,,,,,,,,,,,,,
2020-02-24,2020-02-25,N2O,t,3,6,E2,1257.8152,60,,,,,,,,,,,,,,,,,
2020-02-24,2020-02-25,N2O,t,3,6,I2,1296.2810,120,,,,,,,,,,,,,,,,,
2020-02-24,2020-02-25,N2O,t,3,4,L1,1239.6644,0,,,,,,,,,,,,,,,,,
2020-02-24,2020-02-25,N2O,t,3,4,B4,1176.3920,61,,,,,,,,,,,,,,,,,
2020-02-24,2020-02-25,N2O,t,3,4,N1,1114.6680,121,,,,,,,,,,,,,,,,,
2020-02-24,2020-02-25,N2O,t,3,,,437.8196,,Y,0.1,,,,,,,,,,,,,,,
2020-02-24,2020-02-25,N2O,t,3,,,455.8196,,Y,0.1,,,,,,,,,,,,,,,
2020-02-24,2020-02-25,N2O,t,3,,,457.9860,,Y,0.1,,,,,,,,,,,,,,,
2020-02-24,2020-02-25,N2O,t,3,,,407.4224,,Y,0.1,,,,,,,,,,,,,,,
2020-02-24,2020-02-25,N2O,t,3,10,L2,1231.5052,0,,,,,,,,,,,,,,,,,
2020-02-24,2020-02-25,N2O,t,3,10,Z2,1242.6062,60,,,,,,,,,,,,,,,,,
2020-02-24,2020-02-25,N2O,t,3,10,B3,1278.1795,120,,,,,,,,,,,,,,,,,
2020-02-24,2020-02-25,N2O,t,3,8,B2,1196.8014,0,,,,,,,,,,,,,,,,,
2020-02-24,2020-02-25,N2O,t,3,8,W1,1212.7513,60,,,,,,,,,,,,,,,,,
2020-02-24,2020-02-25,N2O,t,3,8,C3,1212.0589,119,,,,,,,,,,,,,,,,,
2020-02-24,2020-02-25,N2O,c,3,1,P2,1226.3642,0,,,,,,,,,,,,,,,,,
2020-02-24,2020-02-25,N2O,c,3,1,H1,1200.4622,60,,,,,,,,,,,,,,,,,
2020-02-24,2020-02-25,N2O,c,3,1,C4,1197.6292,120,,,,,,,,,,,,,,,,,
2020-02-24,2020-02-25,N2O,c,3,9,Q1,1199.7212,0,,,,,,,,,,,,,,,,,
2020-02-24,2020-02-25,N2O,c,3,9,D1,1192.7212,60,,,,,,,,,,,,,,,,,
2020-02-24,2020-02-25,N2O,c,3,9,Q2,1187.8504,120,,,,,,,,,,,,,,,,,
2020-02-24,2020-02-25,N2O,c,3,,,428.8502,,Y,0.1,,,,,,,,,,,,,,,
2020-02-24,2020-02-25,N2O,c,3,,,437.7218,,Y,0.1,,,,,,,,,,,,,,,
2020-02-24,2020-02-25,N2O,c,3,7,O2,1180.6468,0,,,,,,,,,,,,,,,,,
2020-02-24,2020-02-25,N2O,c,3,7,I1,1165.5394,60,,,,,,,,,,,,,,,,,
2020-02-24,2020-02-25,N2O,c,3,7,J2,1187.7058,120,,,,,,,,,,,,,,,,,
2020-02-24,2020-02-25,N2O,c,3,2,G3,1227.9022,0,,,,,,,,,,,,,,,,,
2020-02-24,2020-02-25,N2O,c,3,2,C5,1279.5359,60,,,,,,,,,,,,,,,,,
2020-02-24,2020-02-25,N2O,c,3,2,V2,1312.5359,120,,,,,,,,,,,,,,,,,
2020-02-24,2020-02-25,N2O,c,3,5,S1,1152.5992,0,,,,,,,,,,,,,,,,,
2020-02-24,2020-02-25,N2O,c,3,5,50000,1241.8807,60,,,,,,,,,,,,,,,,,
2020-02-24,2020-02-25,N2O,c,3,5,R2,1205.6372,120,,,,,,,,,,,,,,,,,
2020-02-24,2020-02-25,N2O,t,4,,,485.8272,,Y,0.1,,,,,,,,,,,,,,,
2020-02-24,2020-02-25,N2O,t,4,,,387.3120,,Y,0.1,,,,,,,,,,,,,,,
2020-02-24,2020-02-25,N2O,t,4,5,H2,1196.2018,0,,,,,,,,,,,,,,,,,
2020-02-24,2020-02-25,N2O,t,4,5,G2,1178.1996,60,,,,,,,,,,,,,,,,,
2020-02-24,2020-02-25,N2O,t,4,5,D3,1205.0734,120,,,,,,,,,,,,,,,,,
2020-02-24,2020-02-25,N2O,t,4,2,U2,1224.5041,0,,,,,,,,,,,,,,,,,
2020-02-24,2020-02-25,N2O,t,4,2,N2,1205.0579,60,,,,,,,,,,,,,,,,,
2020-02-24,2020-02-25,N2O,t,4,2,E1,1212.3087,120,,,,,,,,,,,,,,,,,
2020-02-24,2020-02-25,N2O,t,4,1,P1,1191.7014,0,,,,,,,,,,,,,,,,,
2020-02-24,2020-02-25,N2O,t,4,1,B1,1211.3267,60,,,,,,,,,,,,,,,,,
2020-02-24,2020-02-25,N2O,t,4,1,C1,1215.9790,120,,,,,,,,,,,,,,,,,
2020-02-24,2020-02-25,N2O,t,4,,,373.2552,,Y,0.1,,,,,,,,,,,,,,,
2020-02-24,2020-02-25,N2O,t,4,,,362.7322,,Y,0.1,,,,,,,,,,,,,,,
2020-02-24,2020-02-25,N2O,t,4,7,Y2,1184.7397,0,,,,,,,,,,,,,,,,,
2020-02-24,2020-02-25,N2O,t,4,7,U1,1185.3033,60,,,,,,,,,,,,,,,,,
2020-02-24,2020-02-25,N2O,t,4,7,M2,1161.2728,120,,,,,,,,,,,,,,,,,
2020-02-24,2020-02-25,N2O,t,4,9,Z4,1189.6894,0,,,,,,,,,,,,,,,,,
2020-02-24,2020-02-25,N2O,t,4,9,E3,1165.4375,60,,,,,,,,,,,,,,,,,
2020-02-24,2020-02-25,N2O,t,4,9,M1,1203.7586,120,,,,,,,,,,,,,,,,,
2020-02-24,2020-02-25,N2O,c,4,3,A2,1204.9064,0,,,,,,,,,,,,,,,,,
2020-02-24,2020-02-25,N2O,c,4,3,C2,1214.8774,60,,,,,,,,,,,,,,,,,
2020-02-24,2020-02-25,N2O,c,4,3,A6,1197.2155,120,,,,,,,,,,,,,,,,,
2020-02-24,2020-02-25,N2O,c,4,8,A5,1165.2060,0,,,,,,,,,,,,,,,,,
2020-02-24,2020-02-25,N2O,c,4,8,A1,1208.5356,60,,,,,,,,,,,,,,,,,
2020-02-24,2020-02-25,N2O,c,4,8,X1,1193.4674,120,,,,,,,,,,,,,,,,,
2020-02-24,2020-02-25,N2O,c,4,4,J1,1189.1084,0,,,,,,,,,,,,,,,,,
2020-02-24,2020-02-25,N2O,c,4,4,S2,1186.9928,60,,,,,,,,,,,,,,,,,
2020-02-24,2020-02-25,N2O,c,4,4,B6,1189.9563,120,,,,,,,,,,,,,,,,,
2020-02-24,2020-02-25,N2O,c,4,,,410.7186,,Y,0.1,,,,,,,,,,,,,,,
2020-02-24,2020-02-25,N2O,c,4,,,411.0832,,Y,0.1,,,,,,,,,,,,,,,
2020-02-24,2020-02-25,N2O,c,4,6,K2,1180.0942,0,,,,,,,,,,,,,,,,,
2020-02-24,2020-02-25,N2O,c,4,6,O1,1185.1222,60,,,,,,,,,,,,,,,,,
2020-02-24,2020-02-25,N2O,c,4,6,T2,1184.2540,120,,,,,,,,,,,,,,,,,
2020-02-24,2020-02-25,N2O,c,4,10,V1,1206.1228,0,,,,,,,,,,,,,,,,,
2020-02-24,2020-02-25,N2O,c,4,10,Y1,1150.8406,60,,,,,,,,,,,,,,,,,
2020-02-24,2020-02-25,N2O,c,4,10,F2,1169.5503,120,,,,,,,,,,,,,,,,,
2020-03-10,2020-03-11,N2O,c,5,3,C2,2151.3566,0,,,,,,,,,,,,,,,,,
2020-03-10,2020-03-11,N2O,c,5,1,H2,1616.2850,0,,,,,,,,,,,,,,,,,
2020-03-10,2020-03-11,N2O,c,5,2,5000,2045.2390,0,,,,,,,,,,,,,,,,,
2020-03-10,2020-03-11,N2O,c,5,9,Z4,2034.4544,0,,,,,,,,,,,,,,,,,
2020-03-10,2020-03-11,N2O,c,5,7,P2,1656.6818,0,,,,,,,,,,,,,,,,,
2020-03-10,2020-03-11,N2O,c,5,3,F2,1491.7078,60,,,,,,,,,,,,,,,,,
2020-03-10,2020-03-11,N2O,c,5,1,X1,1696.1962,60,,,,,,,,,,,,,,,,,
2020-03-10,2020-03-11,N2O,c,5,2,Y2,1897.3348,60,,,,,,,,,,,,,,,,,
2020-03-10,2020-03-11,N2O,c,5,9,D3,2143.5979,60,,,,,,,,,,,,,,,,,
2020-03-10,2020-03-11,N2O,c,5,7,K2,2102.3130,60,,,,,,,,,,,,,,,,,
2020-03-10,2020-03-11,N2O,c,5,,,730.0388,,Y,0.1,,,,,,,,,,,,,,,
2020-03-10,2020-03-11,N2O,c,5,,,807.3108,,Y,0.1,,,,,,,,,,,,,,,
2020-03-10,2020-03-11,N2O,c,5,3,A6,2143.4243,120,,,,,,,,,,,,,,,,,
2020-03-10,2020-03-11,N2O,c,5,1,E3,2094.1939,120,,,,,,,,,,,,,,,,,
2020-03-10,2020-03-11,N2O,c,5,2,A1,2106.3244,120,,,,,,,,,,,,,,,,,
2020-03-10,2020-03-11,N2O,c,5,9,J2,2258.3796,120,,,,,,,,,,,,,,,,,
2020-03-10,2020-03-11,N2O,c,5,7,B5,2079.4759,120,,,,,,,,,,,,,,,,,
2020-03-10,2020-03-11,N2O,t,5,5,S1,2084.5600,0,,,,,,,,,,,,,,,,,
2020-03-10,2020-03-11,N2O,t,5,5,N2,2052.0106,61,,,,,,,,,,,,,,,,,
2020-03-10,2020-03-11,N2O,t,5,5,K1,2029.2214,122,,,,,,,,,,,,,,,,,
2020-03-10,2020-03-11,N2O,t,5,10,W2,2061.5730,0,,,,,,,,,,,,,,,,,
2020-03-10,2020-03-11,N2O,t,5,10,T2,2113.6720,61,,,,,,,,,,,,,,,,,
2020-03-10,2020-03-11,N2O,t,5,10,T1,2425.1475,120,,,,,,,,,,,,,,,,,
2020-03-10,2020-03-11,N2O,t,5,,,976.1048,,Y,0.1,,,,,,,,,,,,,,,
2020-03-10,2020-03-11,N2O,t,5,,,939.5968,,Y,0.1,,,,,,,,,,,,,,,
2020-03-10,2020-03-11,N2O,t,5,4,A3,2031.8410,0,,,,,,,,,,,,,,,,,
2020-03-10,2020-03-11,N2O,t,5,4,C3,1962.3260,60,,,,,,,,,,,,,,,,,
2020-03-10,2020-03-11,N2O,t,5,4,P1,2004.4080,120,,,,,,,,,,,,,,,,,
2020-03-10,2020-03-11,N2O,t,5,6,Q1,2074.3106,0,,,,,,,,,,,,,,,,,
2020-03-10,2020-03-11,N2O,t,5,6,A5,2062.8641,60,,,,,,,,,,,,,,,,,
2020-03-10,2020-03-11,N2O,t,5,6,B4,2148.7859,120,,,,,,,,,,,,,,,,,
2020-03-10,2020-03-11,N2O,t,5,8,O2,2065.9368,0,,,,,,,,,,,,,,,,,
2020-03-10,2020-03-11,N2O,t,5,8,I2,2067.6087,60,,,,,,,,,,,,,,,,,
2020-03-10,2020-03-11,N2O,t,5,8,S2,2092.5440,120,,,,,,,,,,,,,,,,,
2020-03-10,2020-03-11,N2O,t,3,,,640.5326,,Y,0.1,,,,,,,,,,,,,,,
2020-03-10,2020-03-11,N2O,t,3,,,695.7139,,Y,0.1,,,,,,,,,,,,,,,
2020-03-10,2020-03-11,N2O,t,3,7,D1,2026.8056,0,,,,,,,,,,,,,,,,,
2020-03-10,2020-03-11,N2O,t,3,9,G3,2039.2772,0,,,,,,,,,,,,,,,,,
2020-03-10,2020-03-11,N2O,t,3,3,H1,2045.7258,0,,,,,,,,,,,,,,,,,
2020-03-10,2020-03-11,N2O,t,3,1,L2,2047.9412,0,,,,,,,,,,,,,,,,,
2020-03-10,2020-03-11,N2O,t,3,2,R2,2071.1320,0,,,,,,,,,,,,,,,,,
2020-03-10,2020-03-11,N2O,t,3,7,I2,1975.4244,60,,,,,,,,,,,,,,,,,
2020-03-10,2020-03-11,N2O,t,3,9,G2,2060.7018,60,,,,,,,,,,,,,,,,,
2020-03-10,2020-03-11,N2O,t,3,3,C4,1999.7863,60,,,,,,,,,,,,,,,,,
2020-03-10,2020-03-11,N2O,t,3,1,E2,2050.2894,60,,,,,,,,,,,,,,,,,
2020-03-10,2020-03-11,N2O,t,3,2,N1,2062.4928,60,,,,,,,,,,,,,,,,,
2020-03-10,2020-03-11,N2O,t,3,,,843.9112,,Y,0.1,,,,,,,,,,,,,,,
2020-03-10,2020-03-11,N2O,t,3,,,879.1044,,Y,0.1,,,,,,,,,,,,,,,
2020-03-10,2020-03-11,N2O,t,3,7,V2,2030.7619,120,,,,,,,,,,,,,,,,,
2020-03-10,2020-03-11,N2O,t,3,9,B1,2028.6978,120,,,,,,,,,,,,,,,,,
2020-03-10,2020-03-11,N2O,t,3,3,C1,2039.6862,120,,,,,,,,,,,,,,,,,
2020-03-10,2020-03-11,N2O,t,3,1,Y1,1979.9960,120,,,,,,,,,,,,,,,,,
2020-03-10,2020-03-11,N2O,t,3,2,J1,2037.8896,120,,,,,,,,,,,,,,,,,
2020-03-10,2020-03-11,N2O,c,3,10,U2,2080.9124,0,,,,,,,,,,,,,,,,,
2020-03-10,2020-03-11,N2O,c,3,10,D2,2007.2266,60,,,,,,,,,,,,,,,,,
2020-03-10,2020-03-11,N2O,c,3,10,Z2,2018.4879,120,,,,,,,,,,,,,,,,,
2020-03-10,2020-03-11,N2O,c,3,5,L1,2054.1398,0,,,,,,,,,,,,,,,,,
2020-03-10,2020-03-11,N2O,c,3,5,A2,2358.5267,60,,,,,,,,,,,,,,,,,
2020-03-10,2020-03-11,N2O,c,3,5,B2,2354.6000,120,,,,,,,,,,,,,,,,,
2020-03-10,2020-03-11,N2O,c,3,,,749.6582,,Y,0.1,,,,,,,,,,,,,,,
2020-03-10,2020-03-11,N2O,c,3,,,745.4651,,Y,0.1,,,,,,,,,,,,,,,
2020-03-10,2020-03-11,N2O,c,3,4,M1,2037.1825,0,,,,,,,,,,,,,,,,,
2020-03-10,2020-03-11,N2O,c,3,4,U1,2023.2067,60,,,,,,,,,,,,,,,,,
2020-03-10,2020-03-11,N2O,c,3,4,F1,2009.2594,120,,,,,,,,,,,,,,,,,
2020-03-10,2020-03-11,N2O,c,3,6,B3,2067.1642,0,,,,,,,,,,,,,,,,,
2020-03-10,2020-03-11,N2O,c,3,6,C5,2031.5196,60,,,,,,,,,,,,,,,,,
2020-03-10,2020-03-11,N2O,c,3,6,F3,1979.0256,120,,,,,,,,,,,,,,,,,
2020-03-10,2020-03-11,N2O,c,3,8,Q2,2003.0710,0,,,,,,,,,,,,,,,,,
2020-03-10,2020-03-11,N2O,c,3,8,M2,2055.7198,60,,,,,,,,,,,,,,,,,
2020-03-10,2020-03-11,N2O,c,3,8,W1,1977.1592,120,,,,,,,,,,,,,,,,,
,,,,,,,,,,,,,,,,,,,,,,,,,
,,,,,,,,,,,,,,,,,,,,,,,,,
,,,,,,,,,,,,,,,,,,,,,,,,,
,,,,,,,,,,,,,,,,,,,,,,,,,
,,,,,,,,,,,,,,,,,,,,,,,,,
,,,,,,,,,,,,,,,,,,,,,,,,,
,,,,,,,,,,,,,,,,,,,,,,,,,
,,,,,,,,,,,,,,,,,,,,,,,,,
,,,,,,,,,,,,,,,,,,,,,,,,,
,,,,,,,,,,,,,,,,,,,,,,,,,
,,,,,,,,,,,,,,,,,,,,,,,,,
,,,,,,,,,,,,,,,,,,,,,,,,,
,,,,,,,,,,,,,,,,,,,,,,,,,
,,,,,,,,,,,,,,,,,,,,,,,,,
